FEloop,Hfield,V,R,sigma
30%MnS6RxxH3K,Field,Rx1,Rx2,
Temp,,,,
3.00017,-89999.64844,0.16864,-2.60136,#SPILL!
3.00017,-89999.72656,0.16854,-2.6545,#SPILL!
3.00017,-89999.71094,0.16836,-2.76077,#SPILL!
3.00017,-89999.6875,0.16845,-2.70764,#SPILL!
3.00017,-89999.70313,0.16845,-2.70764,#SPILL!
3.00017,-89999.625,0.16854,-2.6545,#SPILL!
3.00017,-89998,0.16827,-2.81391,#SPILL!
3.00017,-89922.71875,0.16845,-2.70764,#SPILL!
3.00017,-89838.98438,0.16854,-2.6545,#SPILL!
3.00017,-89732.16406,0.16845,-2.70764,#SPILL!
3.00017,-89624.05469,0.16854,-2.6545,#SPILL!
3.00017,-89515.27344,0.16854,-2.6545,#SPILL!
3.00017,-89428.07813,0.16864,-2.60136,#SPILL!
3.00017,-89318.53906,0.16836,-2.76077,#SPILL!
3.00017,-89208.98438,0.16864,-2.60136,#SPILL!
3.00017,-89099.26563,0.16864,-2.60136,#SPILL!
3.00017,-89011.69531,0.16845,-2.70764,#SPILL!
3.00017,-88901.74219,0.16836,-2.76077,#SPILL!
3.00017,-88791.71094,0.16854,-2.6545,#SPILL!
3.00017,-88682.07813,0.16845,-2.70764,#SPILL!
3.00017,-88594.20313,0.16864,-2.60136,#SPILL!
3.00017,-88484.45313,0.16864,-2.60136,#SPILL!
3.00017,-88374.57813,0.16836,-2.76077,#SPILL!
3.00017,-88286.73438,0.16864,-2.60136,#SPILL!
3.00017,-88154.75781,0.16845,-2.70764,#SPILL!
3.00017,-88067.05469,0.16854,-2.6545,#SPILL!
3.00017,-87957.27344,0.16854,-2.6545,#SPILL!
3.00017,-87869.46094,0.16854,-2.6545,#SPILL!
3.00017,-87759.64063,0.16854,-2.6545,#SPILL!
3.00017,-87649.77344,0.16845,-2.70764,#SPILL!
3.00017,-87539.84375,0.16854,-2.6545,#SPILL!
3.00017,-87452.01563,0.16854,-2.6545,#SPILL!
3.00017,-87342.28125,0.16854,-2.6545,#SPILL!
3.00017,-87232.14844,0.16854,-2.6545,#SPILL!
3.00017,-87122.58594,0.16864,-2.60136,#SPILL!
3.00017,-87034.75781,0.16864,-2.60136,#SPILL!
3.00017,-86924.92187,0.16854,-2.6545,#SPILL!
3.00017,-86815.15625,0.16854,-2.6545,#SPILL!
3.00017,-86727.25,0.16854,-2.6545,#SPILL!
3.00017,-86617.28125,0.16854,-2.6545,#SPILL!
3.00017,-86507.47656,0.16845,-2.70764,#SPILL!
3.00017,-86419.67969,0.16864,-2.60136,#SPILL!
3.00017,-86287.86719,0.16845,-2.70764,#SPILL!
3.00017,-86200.03125,0.16864,-2.60136,#SPILL!
3.00017,-86090.16406,0.16864,-2.60136,#SPILL!
3.00017,-86002.41406,0.16854,-2.6545,#SPILL!
3.00017,-85892.42969,0.16854,-2.6545,#SPILL!
3.00017,-85782.59375,0.16845,-2.70764,#SPILL!
3.00017,-85672.53906,0.16854,-2.6545,#SPILL!
3.00017,-85562.85938,0.16864,-2.60136,#SPILL!
3.00017,-85452.92188,0.16864,-2.60136,#SPILL!
3.00017,-85365.09375,0.16854,-2.6545,#SPILL!
3.00017,-85255.24219,0.16854,-2.6545,#SPILL!
3.00017,-85167.28906,0.16854,-2.6545,#SPILL!
3.00017,-85057.53125,0.16864,-2.60136,#SPILL!
3.00017,-84947.82031,0.16845,-2.70764,#SPILL!
3.00017,-84838.01563,0.16854,-2.6545,#SPILL!
3.00017,-84749.92969,0.16845,-2.70764,#SPILL!
3.00017,-84640.22656,0.16845,-2.70764,#SPILL!
3.00017,-84530.375,0.16845,-2.70764,#SPILL!
3.00017,-84442.70313,0.16836,-2.76077,#SPILL!
3.00017,-84332.75781,0.16854,-2.6545,#SPILL!
3.00017,-84222.97656,0.16854,-2.6545,#SPILL!
3.00017,-84113.08594,0.16836,-2.76077,#SPILL!
3.00017,-84025.21875,0.16854,-2.6545,#SPILL!
3.00017,-83915.375,0.16854,-2.6545,#SPILL!
3.00017,-83805.54688,0.16854,-2.6545,#SPILL!
3.00017,-83717.73438,0.16845,-2.70764,#SPILL!
3.00017,-83585.97656,0.16845,-2.70764,#SPILL!
3.00017,-83498.02344,0.16854,-2.6545,#SPILL!
3.00017,-83388.21875,0.16845,-2.70764,#SPILL!
3.00017,-83300.46875,0.16864,-2.60136,#SPILL!
3.00017,-83190.61719,0.16854,-2.6545,#SPILL!
3.00017,-83080.54688,0.16854,-2.6545,#SPILL!
3.00017,-82970.77344,0.16836,-2.76077,#SPILL!
3.00017,-82882.96094,0.16854,-2.6545,#SPILL!
3.00017,-82773.19531,0.16845,-2.70764,#SPILL!
3.00017,-82663.34375,0.16845,-2.70764,#SPILL!
3.00017,-82553.66406,0.16854,-2.6545,#SPILL!
3.00017,-82443.82813,0.16854,-2.6545,#SPILL!
3.00017,-82356.0625,0.16854,-2.6545,#SPILL!
3.00017,-82246.30469,0.16864,-2.60136,#SPILL!
3.00017,-82136.44531,0.16864,-2.60136,#SPILL!
3.00017,-82026.61719,0.16854,-2.6545,#SPILL!
3.00017,-81938.78125,0.16864,-2.60136,#SPILL!
3.00017,-81828.61719,0.16836,-2.76077,#SPILL!
3.00017,-81718.64062,0.16854,-2.6545,#SPILL!
3.00017,-81630.75,0.16845,-2.70764,#SPILL!
3.00017,-81520.84375,0.16864,-2.60136,#SPILL!
3.00017,-81411.01563,0.16854,-2.6545,#SPILL!
3.00017,-81323.17969,0.16854,-2.6545,#SPILL!
3.00017,-81213.36719,0.16864,-2.60136,#SPILL!
3.00017,-81103.625,0.16854,-2.6545,#SPILL!
3.00017,-81015.53125,0.16854,-2.6545,#SPILL!
3.00017,-80905.92188,0.16854,-2.6545,#SPILL!
3.00017,-80796.05469,0.16864,-2.60136,#SPILL!
3.00017,-80708.34375,0.16854,-2.6545,#SPILL!
3.00017,-80598.42187,0.16854,-2.6545,#SPILL!
3.00017,-80488.64844,0.16854,-2.6545,#SPILL!
3.00017,-80400.69531,0.16854,-2.6545,#SPILL!
3.00017,-80290.92188,0.16864,-2.60136,#SPILL!
3.00017,-80181.05469,0.16864,-2.60136,#SPILL!
3.00017,-80093.15625,0.16864,-2.60136,#SPILL!
3.00017,-79961.35938,0.16854,-2.6545,#SPILL!
3.00017,-79873.60156,0.16854,-2.6545,#SPILL!
3.00017,-79763.76563,0.16864,-2.60136,#SPILL!
3.00017,-79653.89063,0.16873,-2.54823,#SPILL!
3.00017,-79566.03125,0.16854,-2.6545,#SPILL!
3.00017,-79456.17969,0.16864,-2.60136,#SPILL!
3.00017,-79346.4375,0.16854,-2.6545,#SPILL!
3.00017,-79258.48438,0.16864,-2.60136,#SPILL!
3.00017,-79148.72656,0.16854,-2.6545,#SPILL!
3.00017,-79038.875,0.16864,-2.60136,#SPILL!
3.00017,-78929.0625,0.16854,-2.6545,#SPILL!
3.00017,-78841.32031,0.16864,-2.60136,#SPILL!
3.00017,-78731.33594,0.16864,-2.60136,#SPILL!
3.00017,-78621.49219,0.16845,-2.70764,#SPILL!
3.00017,-78511.67969,0.16864,-2.60136,#SPILL!
3.00017,-78423.82031,0.16864,-2.60136,#SPILL!
3.00017,-78313.79688,0.16854,-2.6545,#SPILL!
3.00017,-78203.71094,0.16854,-2.6545,#SPILL!
3.00017,-78115.64063,0.16845,-2.70764,#SPILL!
3.00017,-78005.92188,0.16864,-2.60136,#SPILL!
3.00017,-77896.02344,0.16864,-2.60136,#SPILL!
3.00017,-77786.25,0.16845,-2.70764,#SPILL!
3.00017,-77676.25,0.16854,-2.6545,#SPILL!
3.00017,-77588.45313,0.16864,-2.60136,#SPILL!
3.00017,-77478.71094,0.16845,-2.70764,#SPILL!
3.00017,-77369,0.16854,-2.6545,#SPILL!
3.00017,-77259.03125,0.16864,-2.60136,#SPILL!
3.00017,-77171.14844,0.16854,-2.6545,#SPILL!
3.00017,-77061.51563,0.16864,-2.60136,#SPILL!
3.00017,-76951.60156,0.16864,-2.60136,#SPILL!
3.00017,-76863.67969,0.16864,-2.60136,#SPILL!
3.00017,-76753.64063,0.16864,-2.60136,#SPILL!
3.00017,-76643.84375,0.16864,-2.60136,#SPILL!
3.00017,-76534.22656,0.16854,-2.6545,#SPILL!
3.00017,-76424.375,0.16864,-2.60136,#SPILL!
3.00017,-76336.44531,0.16864,-2.60136,#SPILL!
3.00017,-76226.69531,0.16882,-2.49509,#SPILL!
3.00017,-76116.83594,0.16854,-2.6545,#SPILL!
3.00017,-76006.91406,0.16864,-2.60136,#SPILL!
3.00017,-75897.05469,0.16854,-2.6545,#SPILL!
3.00017,-75809.35938,0.16864,-2.60136,#SPILL!
3.00017,-75699.375,0.16873,-2.54823,#SPILL!
3.00017,-75589.625,0.16854,-2.6545,#SPILL!
3.00017,-75501.78906,0.16873,-2.54823,#SPILL!
3.00017,-75391.78125,0.16864,-2.60136,#SPILL!
3.00017,-75282.08594,0.16864,-2.60136,#SPILL!
3.00017,-75172.25781,0.16845,-2.70764,#SPILL!
3.00017,-75084.45313,0.16845,-2.70764,#SPILL!
3.00017,-74974.60938,0.16854,-2.6545,#SPILL!
3.00017,-74886.47656,0.16854,-2.6545,#SPILL!
3.00017,-74754.875,0.16854,-2.6545,#SPILL!
3.00017,-74666.78125,0.16864,-2.60136,#SPILL!
3.00017,-74556.57813,0.16854,-2.6545,#SPILL!
3.00017,-74446.97656,0.16864,-2.60136,#SPILL!
3.00017,-74337.22656,0.16864,-2.60136,#SPILL!
3.00017,-74249.38281,0.16873,-2.54823,#SPILL!
3.00017,-74139.57031,0.16864,-2.60136,#SPILL!
3.00017,-74029.78125,0.16864,-2.60136,#SPILL!
3.00017,-73919.82813,0.16873,-2.54823,#SPILL!
3.00017,-73832.09375,0.16845,-2.70764,#SPILL!
3.00017,-73722.1875,0.16891,-2.44195,#SPILL!
3.00017,-73612.28906,0.16864,-2.60136,#SPILL!
3.00017,-73502.48438,0.16873,-2.54823,#SPILL!
3.00017,-73414.65625,0.16864,-2.60136,#SPILL!
3.00017,-73304.69531,0.16873,-2.54823,#SPILL!
3.00017,-73194.95313,0.16864,-2.60136,#SPILL!
3.00017,-73085.03125,0.16864,-2.60136,#SPILL!
3.00017,-72997.15625,0.16854,-2.6545,#SPILL!
3.00017,-72887.51563,0.16864,-2.60136,#SPILL!
3.00017,-72777.54688,0.16854,-2.6545,#SPILL!
3.00017,-72689.77344,0.16873,-2.54823,#SPILL!
3.00017,-72579.96094,0.16864,-2.60136,#SPILL!
3.00017,-72470.05469,0.16873,-2.54823,#SPILL!
3.00017,-72360.26563,0.16864,-2.60136,#SPILL!
3.00017,-72250.48438,0.16864,-2.60136,#SPILL!
3.00017,-72162.45313,0.16873,-2.54823,#SPILL!
3.00017,-72052.75,0.16873,-2.54823,#SPILL!
3.00017,-71942.85156,0.16873,-2.54823,#SPILL!
3.00017,-71855.10938,0.16864,-2.60136,#SPILL!
3.00017,-71745.32813,0.16864,-2.60136,#SPILL!
3.00017,-71635.34375,0.16864,-2.60136,#SPILL!
3.00017,-71525.48438,0.16882,-2.49509,#SPILL!
3.00017,-71415.67188,0.16873,-2.54823,#SPILL!
3.00017,-71327.82031,0.16873,-2.54823,#SPILL!
3.00017,-71218.05469,0.16864,-2.60136,#SPILL!
3.00017,-71108.13281,0.16873,-2.54823,#SPILL!
3.00017,-71020.10156,0.16854,-2.6545,#SPILL!
3.00017,-70910.375,0.16864,-2.60136,#SPILL!
3.00017,-70800.39844,0.16854,-2.6545,#SPILL!
3.00017,-70712.65625,0.16854,-2.6545,#SPILL!
3.00017,-70602.80469,0.16873,-2.54823,#SPILL!
3.00017,-70492.92969,0.16854,-2.6545,#SPILL!
3.00017,-70404.99219,0.16864,-2.60136,#SPILL!
3.00017,-70295.04688,0.16873,-2.54823,#SPILL!
3.00017,-70185.5,0.16882,-2.49509,#SPILL!
3.00017,-70075.67969,0.16882,-2.49509,#SPILL!
3.00017,-69965.80469,0.16873,-2.54823,#SPILL!
3.00017,-69856,0.16864,-2.60136,#SPILL!
3.00017,-69768.13281,0.16864,-2.60136,#SPILL!
3.00017,-69658.26563,0.16873,-2.54823,#SPILL!
3.00017,-69570.27344,0.16854,-2.6545,#SPILL!
3.00017,-69460.49219,0.16864,-2.60136,#SPILL!
3.00017,-69350.67969,0.16882,-2.49509,#SPILL!
3.00017,-69262.74219,0.16864,-2.60136,#SPILL!
3.00017,-69152.99219,0.16873,-2.54823,#SPILL!
3.00017,-69043.21094,0.16854,-2.6545,#SPILL!
3.00017,-68933.24219,0.16864,-2.60136,#SPILL!
3.00017,-68823.42969,0.16873,-2.54823,#SPILL!
3.00017,-68735.46875,0.16882,-2.49509,#SPILL!
3.00017,-68647.70313,0.16854,-2.6545,#SPILL!
3.00017,-68515.83594,0.16864,-2.60136,#SPILL!
3.00017,-68428.07813,0.16882,-2.49509,#SPILL!
3.00017,-68318.17969,0.16873,-2.54823,#SPILL!
3.00017,-68208.5,0.16873,-2.54823,#SPILL!
3.00017,-68120.71875,0.16864,-2.60136,#SPILL!
3.00017,-68010.71875,0.16864,-2.60136,#SPILL!
3.00017,-67922.75781,0.16873,-2.54823,#SPILL!
3.00017,-67790.89063,0.16873,-2.54823,#SPILL!
3.00017,-67703.05469,0.16864,-2.60136,#SPILL!
3.00017,-67592.98438,0.16882,-2.49509,#SPILL!
3.00017,-67482.89844,0.16882,-2.49509,#SPILL!
3.00017,-67373.01563,0.16882,-2.49509,#SPILL!
3.00017,-67285.26563,0.16873,-2.54823,#SPILL!
3.00017,-67175.30469,0.16873,-2.54823,#SPILL!
3.00017,-67065.53125,0.16882,-2.49509,#SPILL!
3.00017,-66977.64844,0.16854,-2.6545,#SPILL!
3.00017,-66867.70313,0.16882,-2.49509,#SPILL!
3.00017,-66779.86719,0.16891,-2.44195,#SPILL!
3.00017,-66670.13281,0.16864,-2.60136,#SPILL!
3.00017,-66560.32031,0.16864,-2.60136,#SPILL!
3.00017,-66450.60156,0.16882,-2.49509,#SPILL!
3.00017,-66362.61719,0.16873,-2.54823,#SPILL!
3.00017,-66252.69531,0.16873,-2.54823,#SPILL!
3.00017,-66142.85156,0.16882,-2.49509,#SPILL!
3.00017,-66033.05469,0.16864,-2.60136,#SPILL!
3.00017,-65945.375,0.16873,-2.54823,#SPILL!
3.00017,-65835.36719,0.16873,-2.54823,#SPILL!
3.00017,-65747.41406,0.16873,-2.54823,#SPILL!
3.00017,-65637.61719,0.16864,-2.60136,#SPILL!
3.00017,-65527.84375,0.16882,-2.49509,#SPILL!
3.00017,-65417.96094,0.16864,-2.60136,#SPILL!
3.00017,-65308.11328,0.16864,-2.60136,#SPILL!
3.00017,-65220.21875,0.16873,-2.54823,#SPILL!
3.00017,-65110.33594,0.16873,-2.54823,#SPILL!
3.00017,-65000.64844,0.16864,-2.60136,#SPILL!
3.00017,-64890.71875,0.169,-2.38882,#SPILL!
3.00017,-64802.92578,0.169,-2.38882,#SPILL!
3.00017,-64693.07422,0.16873,-2.54823,#SPILL!
3.00017,-64583.20313,0.16873,-2.54823,#SPILL!
3.00017,-64495.33203,0.16873,-2.54823,#SPILL!
3.00017,-64385.41797,0.16864,-2.60136,#SPILL!
3.00017,-64275.5625,0.16882,-2.49509,#SPILL!
3.00017,-64165.78125,0.16873,-2.54823,#SPILL!
3.00017,-64077.92578,0.16882,-2.49509,#SPILL!
3.00017,-63967.53516,0.16873,-2.54823,#SPILL!
3.00017,-63857.63672,0.16882,-2.49509,#SPILL!
3.00017,-63747.75391,0.16873,-2.54823,#SPILL!
3.00017,-63659.80469,0.16873,-2.54823,#SPILL!
3.00017,-63550.09766,0.16873,-2.54823,#SPILL!
3.00017,-63462.14453,0.16882,-2.49509,#SPILL!
3.00017,-63352.34375,0.16891,-2.44195,#SPILL!
3.00017,-63242.46484,0.16891,-2.44195,#SPILL!
3.00017,-63154.63672,0.16882,-2.49509,#SPILL!
3.00017,-63022.85938,0.16882,-2.49509,#SPILL!
3.00017,-62935.04297,0.16882,-2.49509,#SPILL!
3.00017,-62825.11328,0.16864,-2.60136,#SPILL!
3.00017,-62737.23828,0.16882,-2.49509,#SPILL!
3.00017,-62627.31641,0.16882,-2.49509,#SPILL!
3.00017,-62517.43359,0.16882,-2.49509,#SPILL!
3.00017,-62407.76563,0.16882,-2.49509,#SPILL!
3.00017,-62297.99609,0.16882,-2.49509,#SPILL!
3.00017,-62209.98047,0.16873,-2.54823,#SPILL!
3.00017,-62100.27734,0.16873,-2.54823,#SPILL!
3.00017,-61990.37891,0.16891,-2.44195,#SPILL!
3.00017,-61880.64453,0.16882,-2.49509,#SPILL!
3.00017,-61792.61328,0.169,-2.38882,#SPILL!
3.00017,-61682.70703,0.16873,-2.54823,#SPILL!
3.00017,-61572.80469,0.16873,-2.54823,#SPILL!
3.00017,-61484.90234,0.16864,-2.60136,#SPILL!
3.00017,-61375.23828,0.16882,-2.49509,#SPILL!
3.00017,-61287.58594,0.16882,-2.49509,#SPILL!
3.00017,-61177.54688,0.16891,-2.44195,#SPILL!
3.00017,-61067.92969,0.16873,-2.54823,#SPILL!
3.00017,-60979.875,0.16873,-2.54823,#SPILL!
3.00017,-60848.05859,0.16891,-2.44195,#SPILL!
3.00017,-60759.95313,0.16873,-2.54823,#SPILL!
3.00017,-60650.38281,0.16882,-2.49509,#SPILL!
3.00017,-60540.38672,0.16873,-2.54823,#SPILL!
3.00017,-60430.55859,0.16873,-2.54823,#SPILL!
3.00017,-60342.55078,0.16891,-2.44195,#SPILL!
3.00017,-60232.60938,0.16882,-2.49509,#SPILL!
3.00017,-60122.84375,0.169,-2.38882,#SPILL!
3.00017,-60012.83984,0.16873,-2.54823,#SPILL!
3.00017,-59925.05078,0.16882,-2.49509,#SPILL!
3.00017,-59815.15625,0.16891,-2.44195,#SPILL!
3.00017,-59705.30078,0.16891,-2.44195,#SPILL!
3.00017,-59595.55078,0.16882,-2.49509,#SPILL!
3.00017,-59507.80078,0.16873,-2.54823,#SPILL!
3.00017,-59397.85938,0.16882,-2.49509,#SPILL!
3.00017,-59288,0.169,-2.38882,#SPILL!
3.00017,-59178.07031,0.16882,-2.49509,#SPILL!
3.00017,-59090.25781,0.16891,-2.44195,#SPILL!
3.00017,-58980.27734,0.16873,-2.54823,#SPILL!
3.00017,-58870.60156,0.16882,-2.49509,#SPILL!
3.00017,-58760.64844,0.16891,-2.44195,#SPILL!
3.00017,-58672.91406,0.16882,-2.49509,#SPILL!
3.00017,-58584.98828,0.16882,-2.49509,#SPILL!
3.00017,-58453.29688,0.16891,-2.44195,#SPILL!
3.00017,-58365.375,0.16891,-2.44195,#SPILL!
3.00017,-58255.51953,0.169,-2.38882,#SPILL!
3.00017,-58145.52344,0.16882,-2.49509,#SPILL!
3.00017,-58035.81641,0.16882,-2.49509,#SPILL!
3.00017,-57925.98047,0.169,-2.38882,#SPILL!
3.00017,-57838.09766,0.16891,-2.44195,#SPILL!
3.00017,-57728.44141,0.16891,-2.44195,#SPILL!
3.00017,-57618.41797,0.16891,-2.44195,#SPILL!
3.00017,-57530.72266,0.16891,-2.44195,#SPILL!
3.00017,-57420.77344,0.16891,-2.44195,#SPILL!
3.00017,-57310.76563,0.16891,-2.44195,#SPILL!
3.00017,-57200.99219,0.16882,-2.49509,#SPILL!
3.00017,-57091.11719,0.169,-2.38882,#SPILL!
3.00017,-57003.38672,0.1691,-2.33568,#SPILL!
3.00017,-56893.39844,0.16882,-2.49509,#SPILL!
3.00017,-56783.46094,0.16891,-2.44195,#SPILL!
3.00017,-56695.68359,0.16882,-2.49509,#SPILL!
3.00017,-56585.96094,0.16891,-2.44195,#SPILL!
3.00017,-56476.11719,0.16891,-2.44195,#SPILL!
3.00017,-56388.08984,0.16891,-2.44195,#SPILL!
3.00017,-56278.25391,0.16873,-2.54823,#SPILL!
3.00017,-56168.36328,0.16891,-2.44195,#SPILL!
3.00017,-56058.64063,0.16882,-2.49509,#SPILL!
3.00017,-55970.875,0.16882,-2.49509,#SPILL!
3.00017,-55860.96875,0.16891,-2.44195,#SPILL!
3.00017,-55751.26563,0.16891,-2.44195,#SPILL!
3.00017,-55641.32813,0.16891,-2.44195,#SPILL!
3.00017,-55553.52734,0.1691,-2.33568,#SPILL!
3.00017,-55443.69922,0.16891,-2.44195,#SPILL!
3.00017,-55333.88672,0.169,-2.38882,#SPILL!
3.00017,-55223.96875,0.16873,-2.54823,#SPILL!
3.00017,-55136.16797,0.16882,-2.49509,#SPILL!
3.00017,-55004.25781,0.16891,-2.44195,#SPILL!
3.00017,-54916.53906,0.16891,-2.44195,#SPILL!
3.00017,-54806.74609,0.169,-2.38882,#SPILL!
3.00017,-54696.76172,0.169,-2.38882,#SPILL!
3.00017,-54609.01563,0.16891,-2.44195,#SPILL!
3.00017,-54499.10547,0.169,-2.38882,#SPILL!
3.00017,-54389.29688,0.1691,-2.33568,#SPILL!
3.00017,-54279.30469,0.169,-2.38882,#SPILL!
3.00017,-54169.89063,0.169,-2.38882,#SPILL!
3.00017,-54081.85156,0.16891,-2.44195,#SPILL!
3.00017,-53972.04297,0.16891,-2.44195,#SPILL!
3.00017,-53862.16016,0.16891,-2.44195,#SPILL!
3.00017,-53752.49219,0.16891,-2.44195,#SPILL!
3.00017,-53664.36328,0.169,-2.38882,#SPILL!
3.00017,-53554.64063,0.16891,-2.44195,#SPILL!
3.00017,-53466.61719,0.1691,-2.33568,#SPILL!
3.00017,-53356.61328,0.16891,-2.44195,#SPILL!
3.00017,-53246.55078,0.169,-2.38882,#SPILL!
3.00017,-53158.65234,0.16891,-2.44195,#SPILL!
3.00017,-53048.78906,0.169,-2.38882,#SPILL!
3.00017,-52938.99219,0.169,-2.38882,#SPILL!
3.00017,-52829.07422,0.16891,-2.44195,#SPILL!
3.00017,-52719.27734,0.16919,-2.28255,#SPILL!
3.00017,-52631.51172,0.16891,-2.44195,#SPILL!
3.00017,-52521.53906,0.16882,-2.49509,#SPILL!
3.00017,-52433.82031,0.16873,-2.54823,#SPILL!
3.00017,-52301.89844,0.16891,-2.44195,#SPILL!
3.00017,-52214.09766,0.16891,-2.44195,#SPILL!
3.00017,-52104.22266,0.16891,-2.44195,#SPILL!
3.00017,-52016.47266,0.16873,-2.54823,#SPILL!
3.00017,-51884.53125,0.1691,-2.33568,#SPILL!
3.00017,-51796.74219,0.1691,-2.33568,#SPILL!
3.00017,-51708.92578,0.169,-2.38882,#SPILL!
3.00017,-51577.22266,0.16891,-2.44195,#SPILL!
3.00017,-51489.30078,0.16882,-2.49509,#SPILL!
3.00017,-51379.42578,0.16882,-2.49509,#SPILL!
3.00017,-51269.46484,0.16891,-2.44195,#SPILL!
3.00017,-51181.71484,0.16891,-2.44195,#SPILL!
3.00017,-51071.78125,0.169,-2.38882,#SPILL!
3.00017,-50961.96094,0.16891,-2.44195,#SPILL!
3.00017,-50874.10156,0.169,-2.38882,#SPILL!
3.00017,-50764.22656,0.16891,-2.44195,#SPILL!
3.00017,-50654.54688,0.1691,-2.33568,#SPILL!
3.00017,-50566.64844,0.16882,-2.49509,#SPILL!
3.00017,-50456.76953,0.1691,-2.33568,#SPILL!
3.00017,-50346.92188,0.16891,-2.44195,#SPILL!
3.00017,-50259.14453,0.1691,-2.33568,#SPILL!
3.00017,-50149.16797,0.1691,-2.33568,#SPILL!
3.00017,-50039.49609,0.169,-2.38882,#SPILL!
3.00017,-49929.50391,0.1691,-2.33568,#SPILL!
3.00017,-49819.40234,0.169,-2.38882,#SPILL!
3.00017,-49731.41797,0.169,-2.38882,#SPILL!
3.00017,-49621.50391,0.16882,-2.49509,#SPILL!
3.00017,-49511.66016,0.1691,-2.33568,#SPILL!
3.00017,-49401.82422,0.169,-2.38882,#SPILL!
3.00017,-49292.05859,0.16891,-2.44195,#SPILL!
3.00017,-49204.10938,0.1691,-2.33568,#SPILL!
3.00017,-49094.25781,0.1691,-2.33568,#SPILL!
3.00017,-48984.33594,0.1691,-2.33568,#SPILL!
3.00017,-48896.67188,0.1691,-2.33568,#SPILL!
3.00017,-48786.80859,0.169,-2.38882,#SPILL!
3.00017,-48676.9375,0.16928,-2.22941,#SPILL!
3.00017,-48589.06641,0.1691,-2.33568,#SPILL!
3.00017,-48479.17188,0.16882,-2.49509,#SPILL!
3.00017,-48369.33594,0.1691,-2.33568,#SPILL!
3.00017,-48281.44531,0.1691,-2.33568,#SPILL!
3.00017,-48149.67188,0.1691,-2.33568,#SPILL!
3.00017,-48061.71875,0.16891,-2.44195,#SPILL!
3.00017,-47952,0.169,-2.38882,#SPILL!
3.00017,-47864.0625,0.169,-2.38882,#SPILL!
3.00017,-47754.35156,0.169,-2.38882,#SPILL!
3.00017,-47644.41797,0.169,-2.38882,#SPILL!
3.00017,-47534.64063,0.1691,-2.33568,#SPILL!
3.00017,-47446.62109,0.1691,-2.33568,#SPILL!
3.00017,-47336.82813,0.1691,-2.33568,#SPILL!
3.00017,-47226.93359,0.16919,-2.28255,#SPILL!
3.00017,-47139.16016,0.169,-2.38882,#SPILL!
3.00017,-47029.34766,0.1691,-2.33568,#SPILL!
3.00017,-46919.66406,0.16919,-2.28255,#SPILL!
3.00017,-46809.69141,0.1691,-2.33568,#SPILL!
3.00017,-46699.85156,0.1691,-2.33568,#SPILL!
3.00017,-46612.09375,0.1691,-2.33568,#SPILL!
3.00017,-46502.05859,0.16937,-2.17627,#SPILL!
3.00017,-46392.41016,0.1691,-2.33568,#SPILL!
3.00017,-46304.35547,0.1691,-2.33568,#SPILL!
3.00017,-46194.50781,0.16919,-2.28255,#SPILL!
3.00017,-46084.52734,0.16919,-2.28255,#SPILL!
3.00017,-45974.80469,0.16919,-2.28255,#SPILL!
3.00017,-45864.92188,0.16919,-2.28255,#SPILL!
3.00017,-45776.875,0.1691,-2.33568,#SPILL!
3.00017,-45667.06641,0.169,-2.38882,#SPILL!
3.00017,-45557.27734,0.16919,-2.28255,#SPILL!
3.00017,-45469.48828,0.169,-2.38882,#SPILL!
3.00017,-45359.59375,0.1691,-2.33568,#SPILL!
3.00017,-45249.82813,0.16919,-2.28255,#SPILL!
3.00017,-45139.94141,0.16919,-2.28255,#SPILL!
3.00017,-45052.08203,0.1691,-2.33568,#SPILL!
3.00017,-44942.24609,0.1691,-2.33568,#SPILL!
3.00017,-44854.45312,0.16919,-2.28255,#SPILL!
3.00017,-44744.42188,0.16919,-2.28255,#SPILL!
3.00017,-44634.66406,0.16928,-2.22941,#SPILL!
3.00017,-44524.87109,0.16919,-2.28255,#SPILL!
3.00017,-44415.19141,0.1691,-2.33568,#SPILL!
3.00017,-44327.17578,0.1691,-2.33568,#SPILL!
3.00017,-44217.37109,0.1691,-2.33568,#SPILL!
3.00017,-44129.40625,0.16919,-2.28255,#SPILL!
3.00017,-44019.61719,0.16919,-2.28255,#SPILL!
3.00017,-43909.74219,0.1691,-2.33568,#SPILL!
3.00017,-43800.00391,0.1691,-2.33568,#SPILL!
3.00017,-43712.11328,0.16919,-2.28255,#SPILL!
3.00017,-43602.27344,0.16919,-2.28255,#SPILL!
3.00017,-43492.43359,0.16928,-2.22941,#SPILL!
3.00017,-43382.78516,0.16919,-2.28255,#SPILL!
3.00017,-43294.85547,0.16919,-2.28255,#SPILL!
3.00017,-43184.86719,0.16919,-2.28255,#SPILL!
3.00017,-43074.96484,0.16937,-2.17627,#SPILL!
3.00017,-42965.20313,0.169,-2.38882,#SPILL!
3.00017,-42877.37891,0.16919,-2.28255,#SPILL!
3.00017,-42767.46094,0.16937,-2.17627,#SPILL!
3.00017,-42657.65234,0.16928,-2.22941,#SPILL!
3.00017,-42569.66797,0.16919,-2.28255,#SPILL!
3.00017,-42437.84375,0.16937,-2.17627,#SPILL!
3.00017,-42349.97266,0.16928,-2.22941,#SPILL!
3.00017,-42240.19141,0.16928,-2.22941,#SPILL!
3.00017,-42152.23047,0.16919,-2.28255,#SPILL!
3.00017,-42042.53906,0.16919,-2.28255,#SPILL!
3.00017,-41932.69141,0.1691,-2.33568,#SPILL!
3.00017,-41822.96094,0.16919,-2.28255,#SPILL!
3.00017,-41713.10156,0.16919,-2.28255,#SPILL!
3.00017,-41603.21484,0.16937,-2.17627,#SPILL!
3.00017,-41515.42578,0.1691,-2.33568,#SPILL!
3.00017,-41405.49219,0.16919,-2.28255,#SPILL!
3.00017,-41317.60156,0.16919,-2.28255,#SPILL!
3.00017,-41207.78906,0.16919,-2.28255,#SPILL!
3.00017,-41097.99609,0.16919,-2.28255,#SPILL!
3.00017,-40988.10156,0.16928,-2.22941,#SPILL!
3.00017,-40878.41797,0.16919,-2.28255,#SPILL!
3.00017,-40790.41797,0.16937,-2.17627,#SPILL!
3.00017,-40680.73438,0.16928,-2.22941,#SPILL!
3.00017,-40570.74609,0.16937,-2.17627,#SPILL!
3.00017,-40482.92578,0.16937,-2.17627,#SPILL!
3.00017,-40372.83594,0.16946,-2.12314,#SPILL!
3.00017,-40285.125,0.16928,-2.22941,#SPILL!
3.00017,-40153.36719,0.16928,-2.22941,#SPILL!
3.00017,-40065.52734,0.16928,-2.22941,#SPILL!
3.00017,-39955.8125,0.16928,-2.22941,#SPILL!
3.00017,-39867.9375,0.16937,-2.17627,#SPILL!
3.00017,-39758.14063,0.16937,-2.17627,#SPILL!
3.00017,-39648.28906,0.1691,-2.33568,#SPILL!
3.00017,-39560.32813,0.16928,-2.22941,#SPILL!
3.00017,-39450.45703,0.16937,-2.17627,#SPILL!
3.00017,-39340.71484,0.16928,-2.22941,#SPILL!
3.00017,-39230.85156,0.16928,-2.22941,#SPILL!
3.00017,-39120.64844,0.16928,-2.22941,#SPILL!
3.00017,-39032.61328,0.169,-2.38882,#SPILL!
3.00017,-38922.76563,0.16919,-2.28255,#SPILL!
3.00017,-38812.89453,0.16937,-2.17627,#SPILL!
3.00017,-38703.01953,0.16937,-2.17627,#SPILL!
3.00017,-38615.23438,0.16928,-2.22941,#SPILL!
3.00017,-38505.26172,0.1691,-2.33568,#SPILL!
3.00017,-38417.36719,0.16928,-2.22941,#SPILL!
3.00017,-38307.52734,0.16937,-2.17627,#SPILL!
3.00017,-38197.83203,0.16928,-2.22941,#SPILL!
3.00017,-38088.09375,0.16937,-2.17627,#SPILL!
3.00017,-37978.28906,0.16919,-2.28255,#SPILL!
3.00017,-37890.29688,0.16928,-2.22941,#SPILL!
3.00017,-37780.47266,0.1691,-2.33568,#SPILL!
3.00017,-37692.69922,0.16937,-2.17627,#SPILL!
3.00017,-37560.76953,0.16928,-2.22941,#SPILL!
3.00017,-37472.89063,0.16928,-2.22941,#SPILL!
3.00017,-37363.03125,0.16928,-2.22941,#SPILL!
3.00017,-37253.34375,0.16928,-2.22941,#SPILL!
3.00017,-37165.30469,0.16937,-2.17627,#SPILL!
3.00017,-37055.56641,0.16937,-2.17627,#SPILL!
3.00017,-36945.64844,0.16937,-2.17627,#SPILL!
3.00017,-36857.79688,0.16937,-2.17627,#SPILL!
3.00017,-36748.02734,0.16937,-2.17627,#SPILL!
3.00017,-36638.02344,0.16937,-2.17627,#SPILL!
3.00017,-36528.27344,0.16937,-2.17627,#SPILL!
3.00017,-36440.61719,0.16946,-2.12314,#SPILL!
3.00017,-36330.74609,0.16937,-2.17627,#SPILL!
3.00017,-36221.08594,0.16937,-2.17627,#SPILL!
3.00017,-36111.04297,0.16937,-2.17627,#SPILL!
3.00017,-36023.08594,0.16946,-2.12314,#SPILL!
3.00017,-35913.35938,0.16937,-2.17627,#SPILL!
3.00017,-35803.47656,0.16946,-2.12314,#SPILL!
3.00017,-35715.50391,0.16965,-2.01686,#SPILL!
3.00017,-35605.50781,0.16946,-2.12314,#SPILL!
3.00017,-35495.38281,0.16946,-2.12314,#SPILL!
3.00017,-35385.51953,0.16946,-2.12314,#SPILL!
3.00017,-35297.64453,0.16946,-2.12314,#SPILL!
3.00017,-35187.72656,0.16937,-2.17627,#SPILL!
3.00017,-35077.82031,0.16946,-2.12314,#SPILL!
3.00017,-34968.02344,0.16937,-2.17627,#SPILL!
3.00017,-34880.19922,0.16956,-2.07,#SPILL!
3.00017,-34770.24219,0.16937,-2.17627,#SPILL!
3.00017,-34660.55859,0.16946,-2.12314,#SPILL!
3.00017,-34572.71875,0.16965,-2.01686,#SPILL!
3.00017,-34462.97656,0.16937,-2.17627,#SPILL!
3.00017,-34352.93359,0.16956,-2.07,#SPILL!
3.00017,-34243.11328,0.16937,-2.17627,#SPILL!
3.00017,-34155.27734,0.16956,-2.07,#SPILL!
3.00017,-34045.45313,0.16946,-2.12314,#SPILL!
3.00017,-33935.60156,0.16946,-2.12314,#SPILL!
3.00017,-33847.73438,0.16937,-2.17627,#SPILL!
3.00017,-33737.99219,0.16956,-2.07,#SPILL!
3.00017,-33628.03906,0.16946,-2.12314,#SPILL!
3.00017,-33518.27734,0.16956,-2.07,#SPILL!
3.00017,-33430.39063,0.16937,-2.17627,#SPILL!
3.00017,-33320.53906,0.16946,-2.12314,#SPILL!
3.00017,-33210.62891,0.16956,-2.07,#SPILL!
3.00017,-33100.89453,0.16956,-2.07,#SPILL!
3.00017,-33012.98438,0.16965,-2.01686,#SPILL!
3.00017,-32903.18359,0.16946,-2.12314,#SPILL!
3.00017,-32793.32031,0.16965,-2.01686,#SPILL!
3.00017,-32683.64258,0.16956,-2.07,#SPILL!
3.00017,-32595.77344,0.16956,-2.07,#SPILL!
3.00017,-32485.85742,0.16937,-2.17627,#SPILL!
3.00017,-32376.04883,0.16956,-2.07,#SPILL!
3.00017,-32266.32227,0.16956,-2.07,#SPILL!
3.00017,-32178.25977,0.16956,-2.07,#SPILL!
3.00017,-32068.28516,0.16956,-2.07,#SPILL!
3.00017,-31980.3457,0.16956,-2.07,#SPILL!
3.00017,-31870.44336,0.16956,-2.07,#SPILL!
3.00017,-31760.63086,0.16946,-2.12314,#SPILL!
3.00017,-31650.80078,0.16946,-2.12314,#SPILL!
3.00017,-31562.71289,0.16956,-2.07,#SPILL!
3.00017,-31452.75195,0.16974,-1.96373,#SPILL!
3.00017,-31365.04297,0.16946,-2.12314,#SPILL!
3.00017,-31233.23047,0.16965,-2.01686,#SPILL!
3.00017,-31145.50977,0.16956,-2.07,#SPILL!
3.00017,-31035.72656,0.16965,-2.01686,#SPILL!
3.00017,-30925.85742,0.16956,-2.07,#SPILL!
3.00017,-30816.01172,0.16974,-1.96373,#SPILL!
3.00017,-30728.21875,0.16965,-2.01686,#SPILL!
3.00017,-30618.2793,0.16965,-2.01686,#SPILL!
3.00017,-30508.40234,0.16965,-2.01686,#SPILL!
3.00017,-30420.49414,0.16974,-1.96373,#SPILL!
3.00017,-30310.625,0.16965,-2.01686,#SPILL!
3.00017,-30200.92383,0.16956,-2.07,#SPILL!
3.00017,-30091.08789,0.16956,-2.07,#SPILL!
3.00017,-30003.24023,0.16974,-1.96373,#SPILL!
3.00017,-29893.51758,0.16965,-2.01686,#SPILL!
3.00017,-29783.41016,0.16974,-1.96373,#SPILL!
3.00017,-29695.66016,0.16965,-2.01686,#SPILL!
3.00017,-29585.83008,0.16946,-2.12314,#SPILL!
3.00017,-29475.99414,0.16965,-2.01686,#SPILL!
3.00017,-29366.08203,0.16965,-2.01686,#SPILL!
3.00017,-29256.23633,0.16974,-1.96373,#SPILL!
3.00017,-29168.44336,0.16965,-2.01686,#SPILL!
3.00017,-29058.66016,0.16965,-2.01686,#SPILL!
3.00017,-28948.64648,0.16965,-2.01686,#SPILL!
3.00017,-28838.97266,0.16983,-1.91059,#SPILL!
3.00017,-28750.98828,0.16965,-2.01686,#SPILL!
3.00017,-28641.25586,0.16983,-1.91059,#SPILL!
3.00017,-28531.35547,0.16983,-1.91059,#SPILL!
3.00017,-28421.38281,0.16974,-1.96373,#SPILL!
3.00017,-28333.52539,0.16965,-2.01686,#SPILL!
3.00017,-28223.67969,0.16956,-2.07,#SPILL!
3.00017,-28113.87305,0.16983,-1.91059,#SPILL!
3.00017,-28004.01172,0.16965,-2.01686,#SPILL!
3.00017,-27916.10742,0.16974,-1.96373,#SPILL!
3.00017,-27806.27344,0.16965,-2.01686,#SPILL!
3.00017,-27696.41211,0.16983,-1.91059,#SPILL!
3.00017,-27586.6582,0.16965,-2.01686,#SPILL!
3.00017,-27476.86133,0.16965,-2.01686,#SPILL!
3.00017,-27388.92188,0.16965,-2.01686,#SPILL!
3.00017,-27279.20313,0.16983,-1.91059,#SPILL!
3.00017,-27191.23438,0.16965,-2.01686,#SPILL!
3.00017,-27081.50391,0.16983,-1.91059,#SPILL!
3.00017,-26971.61914,0.16965,-2.01686,#SPILL!
3.00017,-26861.70117,0.16974,-1.96373,#SPILL!
3.00017,-26773.86719,0.16974,-1.96373,#SPILL!
3.00017,-26663.80664,0.16974,-1.96373,#SPILL!
3.00017,-26554.02148,0.16983,-1.91059,#SPILL!
3.00017,-26444.46484,0.16983,-1.91059,#SPILL!
3.00017,-26356.40625,0.16983,-1.91059,#SPILL!
3.00017,-26224.53711,0.16983,-1.91059,#SPILL!
3.00017,-26136.66992,0.16974,-1.96373,#SPILL!
3.00017,-26026.92773,0.16983,-1.91059,#SPILL!
3.00017,-25917,0.16974,-1.96373,#SPILL!
3.00017,-25807.33984,0.16974,-1.96373,#SPILL!
3.00017,-25719.37695,0.16974,-1.96373,#SPILL!
3.00017,-25609.5957,0.16974,-1.96373,#SPILL!
3.00017,-25499.83984,0.16992,-1.85746,#SPILL!
3.00017,-25389.79102,0.16992,-1.85746,#SPILL!
3.00017,-25301.80469,0.16983,-1.91059,#SPILL!
3.00017,-25191.95703,0.16992,-1.85746,#SPILL!
3.00017,-25082.09375,0.16983,-1.91059,#SPILL!
3.00017,-24994.07031,0.16983,-1.91059,#SPILL!
3.00017,-24883.63086,0.17002,-1.80432,#SPILL!
3.00017,-24795.53516,0.16983,-1.91059,#SPILL!
3.00017,-24663.75391,0.16992,-1.85746,#SPILL!
3.00017,-24575.61133,0.16983,-1.91059,#SPILL!
3.00017,-24465.85156,0.16974,-1.96373,#SPILL!
3.00017,-24355.67969,0.16983,-1.91059,#SPILL!
3.00017,-24245.98828,0.16983,-1.91059,#SPILL!
3.00017,-24157.91602,0.16992,-1.85746,#SPILL!
3.00017,-24048.0918,0.16983,-1.91059,#SPILL!
3.00017,-23938.31641,0.17011,-1.75118,#SPILL!
3.00017,-23850.22656,0.16992,-1.85746,#SPILL!
3.00017,-23740.36914,0.16983,-1.91059,#SPILL!
3.00017,-23630.2793,0.16974,-1.96373,#SPILL!
3.00017,-23542.55469,0.16992,-1.85746,#SPILL!
3.00017,-23432.43164,0.16992,-1.85746,#SPILL!
3.00017,-23322.64844,0.16992,-1.85746,#SPILL!
3.00017,-23212.60742,0.17002,-1.80432,#SPILL!
3.00017,-23124.61133,0.17002,-1.80432,#SPILL!
3.00017,-23014.77344,0.16992,-1.85746,#SPILL!
3.00017,-22904.86133,0.16992,-1.85746,#SPILL!
3.00017,-22794.86133,0.16992,-1.85746,#SPILL!
3.00017,-22706.89844,0.16992,-1.85746,#SPILL!
3.00017,-22596.93555,0.16983,-1.91059,#SPILL!
3.00017,-22508.9082,0.17011,-1.75118,#SPILL!
3.00017,-22377.15625,0.17002,-1.80432,#SPILL!
3.00017,-22289.10352,0.16983,-1.91059,#SPILL!
3.00017,-22179.29102,0.16992,-1.85746,#SPILL!
3.00017,-22069.30859,0.17002,-1.80432,#SPILL!
3.00017,-21981.42188,0.17002,-1.80432,#SPILL!
3.00017,-21871.41992,0.17002,-1.80432,#SPILL!
3.00017,-21761.53711,0.17002,-1.80432,#SPILL!
3.00017,-21673.50977,0.17011,-1.75118,#SPILL!
3.00017,-21563.58984,0.17002,-1.80432,#SPILL!
3.00017,-21453.5918,0.16992,-1.85746,#SPILL!
3.00017,-21343.1875,0.16992,-1.85746,#SPILL!
3.00017,-21255.23047,0.17011,-1.75118,#SPILL!
3.00017,-21145.26953,0.16992,-1.85746,#SPILL!
3.00017,-21035.28516,0.17002,-1.80432,#SPILL!
3.00017,-20925.2832,0.17002,-1.80432,#SPILL!
3.00017,-20815.22266,0.17002,-1.80432,#SPILL!
3.00017,-20705.46094,0.17002,-1.80432,#SPILL!
3.00017,-20617.53516,0.16992,-1.85746,#SPILL!
3.00017,-20507.33789,0.16992,-1.85746,#SPILL!
3.00017,-20397.71484,0.1702,-1.69805,#SPILL!
3.00017,-20287.7832,0.17011,-1.75118,#SPILL!
3.00017,-20199.83984,0.17002,-1.80432,#SPILL!
3.00017,-20089.86328,0.1702,-1.69805,#SPILL!
3.00017,-19979.87305,0.1702,-1.69805,#SPILL!
3.00017,-19869.92383,0.17011,-1.75118,#SPILL!
3.00017,-19781.97656,0.17002,-1.80432,#SPILL!
3.00017,-19672.09375,0.17011,-1.75118,#SPILL!
3.00017,-19562.1543,0.17011,-1.75118,#SPILL!
3.00017,-19474.21289,0.17011,-1.75118,#SPILL!
3.00017,-19364.23242,0.1702,-1.69805,#SPILL!
3.00017,-19254.24609,0.17011,-1.75118,#SPILL!
3.00017,-19166.37891,0.1702,-1.69805,#SPILL!
3.00017,-19056.46484,0.1702,-1.69805,#SPILL!
3.00017,-18946.40625,0.17029,-1.64491,#SPILL!
3.00017,-18836.58008,0.17011,-1.75118,#SPILL!
3.00017,-18726.57227,0.1702,-1.69805,#SPILL!
3.00017,-18638.7832,0.17011,-1.75118,#SPILL!
3.00017,-18528.72266,0.17011,-1.75118,#SPILL!
3.00017,-18418.9707,0.1702,-1.69805,#SPILL!
3.00017,-18308.89844,0.17011,-1.75118,#SPILL!
3.00017,-18220.97852,0.1702,-1.69805,#SPILL!
3.00017,-18110.92188,0.1702,-1.69805,#SPILL!
3.00017,-18001.05859,0.1702,-1.69805,#SPILL!
3.00017,-17912.99414,0.1702,-1.69805,#SPILL!
3.00017,-17803.11719,0.17029,-1.64491,#SPILL!
3.00017,-17692.85352,0.1702,-1.69805,#SPILL!
3.00017,-17604.96289,0.1702,-1.69805,#SPILL!
3.00017,-17495.06055,0.1702,-1.69805,#SPILL!
3.00017,-17385.0957,0.17048,-1.53864,#SPILL!
3.00017,-17274.99609,0.17038,-1.59178,#SPILL!
3.00017,-17186.96289,0.17029,-1.64491,#SPILL!
3.00017,-17077.20703,0.17029,-1.64491,#SPILL!
3.00017,-16967.20703,0.17029,-1.64491,#SPILL!
3.00017,-16857.28711,0.17029,-1.64491,#SPILL!
3.00017,-16769.33203,0.17038,-1.59178,#SPILL!
3.00017,-16659.48828,0.1702,-1.69805,#SPILL!
3.00017,-16549.53711,0.17038,-1.59178,#SPILL!
3.00017,-16439.59961,0.17038,-1.59178,#SPILL!
3.00017,-16351.76367,0.17038,-1.59178,#SPILL!
3.00017,-16241.76465,0.17002,-1.80432,#SPILL!
3.00017,-16131.6875,0.17038,-1.59178,#SPILL!
3.00017,-16021.95117,0.17038,-1.59178,#SPILL!
3.00017,-15934.16797,0.17038,-1.59178,#SPILL!
3.00017,-15823.91797,0.17048,-1.53864,#SPILL!
3.00017,-15714.17187,0.17029,-1.64491,#SPILL!
3.00017,-15626.07813,0.17038,-1.59178,#SPILL!
3.00017,-15516.32324,0.17048,-1.53864,#SPILL!
3.00017,-15406.13574,0.17038,-1.59178,#SPILL!
3.00017,-15296.27637,0.17048,-1.53864,#SPILL!
3.00017,-15208.30566,0.17038,-1.59178,#SPILL!
3.00017,-15098.55859,0.17038,-1.59178,#SPILL!
3.00017,-14988.53711,0.17048,-1.53864,#SPILL!
3.00017,-14878.64355,0.17048,-1.53864,#SPILL!
3.00017,-14768.71289,0.17057,-1.4855,#SPILL!
3.00017,-14680.72168,0.17038,-1.59178,#SPILL!
3.00017,-14570.80566,0.17057,-1.4855,#SPILL!
3.00017,-14482.72461,0.17029,-1.64491,#SPILL!
3.00017,-14372.87988,0.17048,-1.53864,#SPILL!
3.00017,-14262.97461,0.17066,-1.43237,#SPILL!
3.00017,-14152.90332,0.17048,-1.53864,#SPILL!
3.00017,-14064.89746,0.17038,-1.59178,#SPILL!
3.00017,-13954.93945,0.17048,-1.53864,#SPILL!
3.00017,-13844.99414,0.17048,-1.53864,#SPILL!
3.00017,-13735.07129,0.17057,-1.4855,#SPILL!
3.00017,-13625.01562,0.17057,-1.4855,#SPILL!
3.00017,-13537.22266,0.17057,-1.4855,#SPILL!
3.00017,-13427.18652,0.17075,-1.37923,#SPILL!
3.00017,-13317.60645,0.17057,-1.4855,#SPILL!
3.00017,-13229.57129,0.17057,-1.4855,#SPILL!
3.00017,-13119.57129,0.17066,-1.43237,#SPILL!
3.00017,-13031.74609,0.17057,-1.4855,#SPILL!
3.00017,-12921.67188,0.17048,-1.53864,#SPILL!
3.00017,-12811.76367,0.17066,-1.43237,#SPILL!
3.00017,-12701.88086,0.17057,-1.4855,#SPILL!
3.00017,-12591.90625,0.17075,-1.37923,#SPILL!
3.00017,-12503.88672,0.17075,-1.37923,#SPILL!
3.00017,-12393.98047,0.17066,-1.43237,#SPILL!
3.00017,-12284.11523,0.17075,-1.37923,#SPILL!
3.00017,-12174.16797,0.17066,-1.43237,#SPILL!
3.00017,-12086.13477,0.17075,-1.37923,#SPILL!
3.00017,-11976.1875,0.17066,-1.43237,#SPILL!
3.00017,-11866.33789,0.17075,-1.37923,#SPILL!
3.00017,-11756.4209,0.17094,-1.27296,#SPILL!
3.00017,-11646.3584,0.17066,-1.43237,#SPILL!
3.00017,-11558.5332,0.17084,-1.32609,#SPILL!
3.00017,-11448.75879,0.17057,-1.4855,#SPILL!
3.00017,-11338.71094,0.17094,-1.27296,#SPILL!
3.00017,-11250.78223,0.17066,-1.43237,#SPILL!
3.00017,-11140.86133,0.17084,-1.32609,#SPILL!
3.00017,-11030.93066,0.17084,-1.32609,#SPILL!
3.00017,-10921.01758,0.17103,-1.21982,#SPILL!
3.00017,-10833.03516,0.17084,-1.32609,#SPILL!
3.00017,-10722.89941,0.17103,-1.21982,#SPILL!
3.00017,-10612.59082,0.17066,-1.43237,#SPILL!
3.00017,-10502.61719,0.17084,-1.32609,#SPILL!
3.00017,-10414.77441,0.17084,-1.32609,#SPILL!
3.00017,-10304.86133,0.17075,-1.37923,#SPILL!
3.00017,-10194.83984,0.17103,-1.21982,#SPILL!
3.00017,-10084.81055,0.17103,-1.21982,#SPILL!
3.00017,-9996.92578,0.17084,-1.32609,#SPILL!
3.00017,-9886.85742,0.17084,-1.32609,#SPILL!
3.00017,-9777.2168,0.17103,-1.21982,#SPILL!
3.00017,-9689.1748,0.17103,-1.21982,#SPILL!
3.00017,-9579.1875,0.17094,-1.27296,#SPILL!
3.00017,-9469.32227,0.17084,-1.32609,#SPILL!
3.00017,-9359.3584,0.17112,-1.16669,#SPILL!
3.00017,-9249.49316,0.17112,-1.16669,#SPILL!
3.00017,-9161.53516,0.1713,-1.06041,#SPILL!
3.00017,-9051.59961,0.17121,-1.11355,#SPILL!
3.00017,-8941.75195,0.17112,-1.16669,#SPILL!
3.00017,-8831.75098,0.17112,-1.16669,#SPILL!
3.00017,-8743.90723,0.17121,-1.11355,#SPILL!
3.00017,-8633.82422,0.17112,-1.16669,#SPILL!
3.00017,-8523.7998,0.1714,-1.00728,#SPILL!
3.00017,-8435.91504,0.17103,-1.21982,#SPILL!
3.00017,-8325.77637,0.17121,-1.11355,#SPILL!
3.00017,-8216.14648,0.17121,-1.11355,#SPILL!
3.00017,-8128.12939,0.17112,-1.16669,#SPILL!
3.00017,-8018.23682,0.1714,-1.00728,#SPILL!
3.00017,-7908.36963,0.1713,-1.06041,#SPILL!
3.00017,-7820.41504,0.17121,-1.11355,#SPILL!
3.00017,-7710.52637,0.1713,-1.06041,#SPILL!
3.00017,-7600.4707,0.17121,-1.11355,#SPILL!
3.00017,-7490.43896,0.1713,-1.06041,#SPILL!
3.00017,-7402.53418,0.1714,-1.00728,#SPILL!
3.00017,-7270.63818,0.1714,-1.00728,#SPILL!
3.00017,-7182.51758,0.17149,-0.95414,#SPILL!
3.00017,-7094.40479,0.17149,-0.95414,#SPILL!
3.00017,-6962.32129,0.1714,-1.00728,#SPILL!
3.00017,-6874.36572,0.17149,-0.95414,#SPILL!
3.00017,-6764.43555,0.17149,-0.95414,#SPILL!
3.00017,-6676.2998,0.17158,-0.901,#SPILL!
3.00017,-6566.35352,0.17149,-0.95414,#SPILL!
3.00017,-6456.3291,0.17158,-0.901,#SPILL!
3.00017,-6368.42383,0.17149,-0.95414,#SPILL!
3.00017,-6258.57764,0.17149,-0.95414,#SPILL!
3.00017,-6148.7749,0.17167,-0.84787,#SPILL!
3.00017,-6038.67383,0.17167,-0.84787,#SPILL!
3.00017,-5950.71729,0.17167,-0.84787,#SPILL!
3.00017,-5840.68701,0.17149,-0.95414,#SPILL!
3.00017,-5730.72705,0.17167,-0.84787,#SPILL!
3.00017,-5620.67285,0.17176,-0.79473,#SPILL!
3.00017,-5532.80078,0.17186,-0.7416,#SPILL!
3.00017,-5422.72949,0.17186,-0.7416,#SPILL!
3.00017,-5312.85254,0.17176,-0.79473,#SPILL!
3.00017,-5202.92822,0.17186,-0.7416,#SPILL!
3.00017,-5114.93945,0.17176,-0.79473,#SPILL!
3.00017,-5004.87354,0.17176,-0.79473,#SPILL!
3.00017,-4894.95068,0.17176,-0.79473,#SPILL!
3.00017,-4806.93164,0.17186,-0.7416,#SPILL!
3.00017,-4696.94434,0.17195,-0.68846,#SPILL!
3.00017,-4609.00781,0.17204,-0.63532,#SPILL!
3.00017,-4499.04248,0.17186,-0.7416,#SPILL!
3.00017,-4389.13037,0.17204,-0.63532,#SPILL!
3.00017,-4279.10986,0.17204,-0.63532,#SPILL!
3.00017,-4169.21777,0.17195,-0.68846,#SPILL!
3.00017,-4081.18921,0.17213,-0.58219,#SPILL!
3.00017,-3971.15771,0.17195,-0.68846,#SPILL!
3.00017,-3861.19312,0.17213,-0.58219,#SPILL!
3.00017,-3751.29395,0.17213,-0.58219,#SPILL!
3.00017,-3663.21851,0.17232,-0.47592,#SPILL!
3.00017,-3553.15747,0.17232,-0.47592,#SPILL!
3.00017,-3442.96118,0.17204,-0.63532,#SPILL!
3.00017,-3355.05151,0.17232,-0.47592,#SPILL!
3.00017,-3244.92163,0.17232,-0.47592,#SPILL!
3.00017,-3135.03711,0.17232,-0.47592,#SPILL!
3.00017,-3046.91943,0.17232,-0.47592,#SPILL!
3.00017,-2937.04297,0.17232,-0.47592,#SPILL!
3.00017,-2826.97437,0.17241,-0.42278,#SPILL!
3.00017,-2717.02563,0.17232,-0.47592,#SPILL!
3.00017,-2629.15967,0.17232,-0.47592,#SPILL!
3.00017,-2518.95923,0.1725,-0.36964,#SPILL!
3.00017,-2409.03394,0.1725,-0.36964,#SPILL!
3.00017,-2320.98145,0.1725,-0.36964,#SPILL!
3.00017,-2226.92603,0.1725,-0.36964,#SPILL!
3.00017,-2100.91211,0.1725,-0.36964,#SPILL!
3.00017,-1989.64636,0.17241,-0.42278,#SPILL!
3.00017,-1901.88855,0.17259,-0.31651,#SPILL!
3.00017,-1770.24927,0.17241,-0.42278,#SPILL!
3.00017,-1682.3573,0.17259,-0.31651,#SPILL!
3.00017,-1572.39429,0.17268,-0.26337,#SPILL!
3.00017,-1462.38623,0.17278,-0.21023,#SPILL!
3.00017,-1374.26343,0.17268,-0.26337,#SPILL!
3.00017,-1264.32019,0.17287,-0.1571,#SPILL!
3.00017,-1154.1311,0.17278,-0.21023,#SPILL!
3.00017,-1044.22375,0.17268,-0.26337,#SPILL!
3.00017,-956.21967,0.17268,-0.26337,#SPILL!
3.00017,-846.24335,0.17268,-0.26337,#SPILL!
3.00017,-736.24158,0.17287,-0.1571,#SPILL!
3.00017,-626.22095,0.17278,-0.21023,#SPILL!
3.00017,-516.2475,0.17287,-0.1571,#SPILL!
3.00017,-406.16452,0.17278,-0.21023,#SPILL!
3.00017,-318.18958,0.17287,-0.1571,#SPILL!
3.00017,-208.30225,0.17278,-0.21023,#SPILL!
3.00017,-98.4629,0.17287,-0.1571,#SPILL!
3.00017,-10.46092,0.17296,-0.10396,#SPILL!
3.00017,99.35389,0.17314,0.00231,#SPILL!
3.00017,231.21706,0.17305,-0.05083,#SPILL!
3.00017,319.01767,0.17287,-0.1571,#SPILL!
3.00017,428.80933,0.17278,-0.21023,#SPILL!
3.00017,516.60504,0.17296,-0.10396,#SPILL!
3.00017,626.41211,0.17296,-0.10396,#SPILL!
3.00017,735.93091,0.17268,-0.26337,#SPILL!
3.00017,845.50128,0.17268,-0.26337,#SPILL!
3.00017,933.1532,0.17296,-0.10396,#SPILL!
3.00017,1042.63867,0.17259,-0.31651,#SPILL!
3.00017,1152.24097,0.17278,-0.21023,#SPILL!
3.00017,1240.00806,0.17259,-0.31651,#SPILL!
3.00017,1349.74121,0.1725,-0.36964,#SPILL!
3.00017,1449.74194,0.17259,-0.31651,#SPILL!
3.00017,1570.47583,0.1725,-0.36964,#SPILL!
3.00017,1680.85046,0.17259,-0.31651,#SPILL!
3.00017,1767.92908,0.17259,-0.31651,#SPILL!
3.00017,1877.03333,0.17278,-0.21023,#SPILL!
3.00017,1964.35693,0.17259,-0.31651,#SPILL!
3.00017,2073.71045,0.1725,-0.36964,#SPILL!
3.00017,2183.1189,0.17259,-0.31651,#SPILL!
3.00017,2292.52222,0.17259,-0.31651,#SPILL!
3.00017,2402.10425,0.17241,-0.42278,#SPILL!
3.00017,2489.91919,0.1725,-0.36964,#SPILL!
3.00017,2599.82983,0.17222,-0.52905,#SPILL!
3.00017,2710.16699,0.17259,-0.31651,#SPILL!
3.00017,2798.52417,0.17232,-0.47592,#SPILL!
3.00017,2908.97192,0.17232,-0.47592,#SPILL!
3.00017,3019.61255,0.17232,-0.47592,#SPILL!
3.00017,3129.8584,0.17222,-0.52905,#SPILL!
3.00017,3240.40649,0.17241,-0.42278,#SPILL!
3.00017,3328.47461,0.17241,-0.42278,#SPILL!
3.00017,3438.66113,0.17213,-0.58219,#SPILL!
3.00017,3549.07886,0.17222,-0.52905,#SPILL!
3.00017,3637.53174,0.17222,-0.52905,#SPILL!
3.00017,3747.49658,0.17213,-0.58219,#SPILL!
3.00017,3857.55688,0.17222,-0.52905,#SPILL!
3.00017,3967.55469,0.17213,-0.58219,#SPILL!
3.00017,4055.67944,0.17222,-0.52905,#SPILL!
3.00017,4165.60645,0.17204,-0.63532,#SPILL!
3.00017,4275.80029,0.17195,-0.68846,#SPILL!
3.00017,4363.70361,0.17195,-0.68846,#SPILL!
3.00017,4473.7168,0.17204,-0.63532,#SPILL!
3.00017,4561.6582,0.17195,-0.68846,#SPILL!
3.00017,4671.49072,0.17195,-0.68846,#SPILL!
3.00017,4781.62646,0.17186,-0.7416,#SPILL!
3.00017,4869.51855,0.17186,-0.7416,#SPILL!
3.00017,4979.54639,0.17186,-0.7416,#SPILL!
3.00017,5089.58838,0.17195,-0.68846,#SPILL!
3.00017,5199.69824,0.17186,-0.7416,#SPILL!
3.00017,5309.6416,0.17186,-0.7416,#SPILL!
3.00017,5397.52393,0.17186,-0.7416,#SPILL!
3.00017,5507.54102,0.17167,-0.84787,#SPILL!
3.00017,5617.61963,0.17167,-0.84787,#SPILL!
3.00017,5727.53516,0.17176,-0.79473,#SPILL!
3.00017,5815.63037,0.17186,-0.7416,#SPILL!
3.00017,5925.67432,0.17167,-0.84787,#SPILL!
3.00017,6035.54297,0.17176,-0.79473,#SPILL!
3.00017,6123.45996,0.17158,-0.901,#SPILL!
3.00017,6233.51123,0.17167,-0.84787,#SPILL!
3.00017,6343.4541,0.17158,-0.901,#SPILL!
3.00017,6453.38281,0.17149,-0.95414,#SPILL!
3.00017,6563.29785,0.17149,-0.95414,#SPILL!
3.00017,6651.35156,0.1714,-1.00728,#SPILL!
3.00017,6761.41553,0.17158,-0.901,#SPILL!
3.00017,6849.40723,0.17149,-0.95414,#SPILL!
3.00017,6959.45264,0.17149,-0.95414,#SPILL!
3.00017,7069.55518,0.1713,-1.06041,#SPILL!
3.00017,7145.19678,0.17121,-1.11355,#SPILL!
3.00017,7290.28125,0.1713,-1.06041,#SPILL!
3.00017,7378.96924,0.17149,-0.95414,#SPILL!
3.00017,7488.92383,0.17121,-1.11355,#SPILL!
3.00017,7598.68848,0.17112,-1.16669,#SPILL!
3.00017,7686.81201,0.17121,-1.11355,#SPILL!
3.00017,7796.65967,0.17121,-1.11355,#SPILL!
3.00017,7906.69678,0.17121,-1.11355,#SPILL!
3.00017,7994.44922,0.1713,-1.06041,#SPILL!
3.00017,8104.39893,0.17112,-1.16669,#SPILL!
3.00017,8214.36719,0.1713,-1.06041,#SPILL!
3.00017,8302.28613,0.1713,-1.06041,#SPILL!
3.00017,8412.19824,0.17121,-1.11355,#SPILL!
3.00017,8522.28906,0.17121,-1.11355,#SPILL!
3.00017,8610.30957,0.17112,-1.16669,#SPILL!
3.00017,8720.24316,0.17103,-1.21982,#SPILL!
3.00017,8830.20313,0.17103,-1.21982,#SPILL!
3.00017,8940.1416,0.17121,-1.11355,#SPILL!
3.00017,9028.09375,0.17103,-1.21982,#SPILL!
3.00017,9138.0625,0.17112,-1.16669,#SPILL!
3.00017,9247.93555,0.17112,-1.16669,#SPILL!
3.00017,9335.95508,0.17103,-1.21982,#SPILL!
3.00017,9445.93359,0.17103,-1.21982,#SPILL!
3.00017,9555.89746,0.17103,-1.21982,#SPILL!
3.00017,9643.90039,0.17094,-1.27296,#SPILL!
3.00017,9753.77344,0.17103,-1.21982,#SPILL!
3.00017,9863.80371,0.17103,-1.21982,#SPILL!
3.00017,9973.76563,0.17094,-1.27296,#SPILL!
3.00017,10061.69238,0.17103,-1.21982,#SPILL!
3.00017,10171.69727,0.17084,-1.32609,#SPILL!
3.00017,10281.69336,0.17084,-1.32609,#SPILL!
3.00017,10369.72949,0.17084,-1.32609,#SPILL!
3.00017,10479.69336,0.17075,-1.37923,#SPILL!
3.00017,10589.78711,0.17084,-1.32609,#SPILL!
3.00017,10699.83887,0.17066,-1.43237,#SPILL!
3.00017,10787.99316,0.17075,-1.37923,#SPILL!
3.00017,10897.83691,0.17084,-1.32609,#SPILL!
3.00017,11007.92871,0.17094,-1.27296,#SPILL!
3.00017,11117.86621,0.17075,-1.37923,#SPILL!
3.00017,11205.91016,0.17084,-1.32609,#SPILL!
3.00017,11316.00391,0.17075,-1.37923,#SPILL!
3.00017,11425.91211,0.17084,-1.32609,#SPILL!
3.00017,11536.04492,0.17066,-1.43237,#SPILL!
3.00017,11623.89258,0.17066,-1.43237,#SPILL!
3.00017,11733.7832,0.17075,-1.37923,#SPILL!
3.00017,11843.80371,0.17066,-1.43237,#SPILL!
3.00017,11953.73145,0.17075,-1.37923,#SPILL!
3.00017,12041.77832,0.17075,-1.37923,#SPILL!
3.00017,12151.81836,0.17084,-1.32609,#SPILL!
3.00017,12261.8291,0.17066,-1.43237,#SPILL!
3.00017,12371.89844,0.17066,-1.43237,#SPILL!
3.00017,12459.60742,0.17075,-1.37923,#SPILL!
3.00017,12569.72852,0.17057,-1.4855,#SPILL!
3.00017,12679.63086,0.17066,-1.43237,#SPILL!
3.00017,12789.60352,0.17066,-1.43237,#SPILL!
3.00017,12877.7168,0.17066,-1.43237,#SPILL!
3.00017,12987.7832,0.17066,-1.43237,#SPILL!
3.00017,13075.88379,0.17057,-1.4855,#SPILL!
3.00017,13185.76855,0.17066,-1.43237,#SPILL!
3.00017,13317.90332,0.17057,-1.4855,#SPILL!
3.00017,13405.7334,0.17038,-1.59178,#SPILL!
3.00017,13515.83398,0.17048,-1.53864,#SPILL!
3.00017,13625.78418,0.17075,-1.37923,#SPILL!
3.00017,13735.92773,0.17048,-1.53864,#SPILL!
3.00017,13823.96191,0.17048,-1.53864,#SPILL!
3.00017,13934.01758,0.17048,-1.53864,#SPILL!
3.00017,14043.91309,0.17057,-1.4855,#SPILL!
3.00017,14154.14355,0.17048,-1.53864,#SPILL!
3.00017,14242.19336,0.17038,-1.59178,#SPILL!
3.00017,14330.20313,0.17057,-1.4855,#SPILL!
3.00017,14440.28027,0.17038,-1.59178,#SPILL!
3.00017,14550.2168,0.17038,-1.59178,#SPILL!
3.00017,14660.33496,0.17057,-1.4855,#SPILL!
3.00017,14748.43652,0.17038,-1.59178,#SPILL!
3.00017,14858.31543,0.17038,-1.59178,#SPILL!
3.00017,14968.44141,0.17038,-1.59178,#SPILL!
3.00017,15078.51855,0.1702,-1.69805,#SPILL!
3.00017,15188.48633,0.17038,-1.59178,#SPILL!
3.00017,15276.60938,0.17029,-1.64491,#SPILL!
3.00017,15386.38477,0.17057,-1.4855,#SPILL!
3.00017,15496.50488,0.17029,-1.64491,#SPILL!
3.00017,15584.6123,0.17038,-1.59178,#SPILL!
3.00017,15694.68555,0.17029,-1.64491,#SPILL!
3.00017,15782.7002,0.17029,-1.64491,#SPILL!
3.00017,15892.67676,0.17038,-1.59178,#SPILL!
3.00017,16002.76855,0.17029,-1.64491,#SPILL!
3.00017,16112.92676,0.17029,-1.64491,#SPILL!
3.00017,16200.79297,0.17048,-1.53864,#SPILL!
3.00017,16310.86328,0.17038,-1.59178,#SPILL!
3.00017,16420.86914,0.17029,-1.64491,#SPILL!
3.00017,16508.86523,0.1702,-1.69805,#SPILL!
3.00017,16618.94141,0.1702,-1.69805,#SPILL!
3.00017,16728.92773,0.1702,-1.69805,#SPILL!
3.00017,16838.98828,0.17029,-1.64491,#SPILL!
3.00017,16949.02148,0.1702,-1.69805,#SPILL!
3.00017,17036.99219,0.17029,-1.64491,#SPILL!
3.00017,17147.05664,0.17011,-1.75118,#SPILL!
3.00017,17257.1582,0.17029,-1.64491,#SPILL!
3.00017,17345.06445,0.17048,-1.53864,#SPILL!
3.00017,17455.13867,0.17011,-1.75118,#SPILL!
3.00017,17565.17188,0.17011,-1.75118,#SPILL!
3.00017,17653.26758,0.17011,-1.75118,#SPILL!
3.00017,17785.57031,0.17038,-1.59178,#SPILL!
3.00017,17873.68164,0.17011,-1.75118,#SPILL!
3.00017,17983.75,0.17011,-1.75118,#SPILL!
3.00017,18093.77539,0.17038,-1.59178,#SPILL!
3.00017,18203.74805,0.17011,-1.75118,#SPILL!
3.00017,18291.88477,0.17011,-1.75118,#SPILL!
3.00017,18401.9668,0.17011,-1.75118,#SPILL!
3.00017,18489.9668,0.1702,-1.69805,#SPILL!
3.00017,18600.13281,0.1702,-1.69805,#SPILL!
3.00017,18709.93555,0.17011,-1.75118,#SPILL!
3.00017,18819.93945,0.17011,-1.75118,#SPILL!
3.00017,18907.82031,0.17002,-1.80432,#SPILL!
3.00017,19018.12305,0.17011,-1.75118,#SPILL!
3.00017,19128.07031,0.1702,-1.69805,#SPILL!
3.00017,19238.125,0.17002,-1.80432,#SPILL!
3.00017,19326.1875,0.17011,-1.75118,#SPILL!
3.00017,19414.21289,0.17002,-1.80432,#SPILL!
3.00017,19546.2207,0.1702,-1.69805,#SPILL!
3.00017,19634.23828,0.17011,-1.75118,#SPILL!
3.00017,19744.26758,0.17002,-1.80432,#SPILL!
3.00017,19832.24805,0.17011,-1.75118,#SPILL!
3.00017,19942.28711,0.17011,-1.75118,#SPILL!
3.00017,20052.51172,0.17011,-1.75118,#SPILL!
3.00017,20162.51953,0.17002,-1.80432,#SPILL!
3.00017,20250.4668,0.17002,-1.80432,#SPILL!
3.00017,20360.5293,0.17029,-1.64491,#SPILL!
3.00017,20470.41016,0.17002,-1.80432,#SPILL!
3.00017,20580.52539,0.17011,-1.75118,#SPILL!
3.00017,20690.49219,0.1702,-1.69805,#SPILL!
3.00017,20778.47461,0.16992,-1.85746,#SPILL!
3.00017,20888.58984,0.17011,-1.75118,#SPILL!
3.00017,20998.66797,0.16992,-1.85746,#SPILL!
3.00017,21108.70703,0.17002,-1.80432,#SPILL!
3.00017,21218.7168,0.16983,-1.91059,#SPILL!
3.00017,21306.97461,0.16992,-1.85746,#SPILL!
3.00017,21395.2207,0.16992,-1.85746,#SPILL!
3.00017,21505.42188,0.16992,-1.85746,#SPILL!
3.00017,21615.26953,0.17002,-1.80432,#SPILL!
3.00017,21725.51758,0.17002,-1.80432,#SPILL!
3.00017,21835.44141,0.16992,-1.85746,#SPILL!
3.00017,21945.73633,0.16992,-1.85746,#SPILL!
3.00017,22033.52734,0.16992,-1.85746,#SPILL!
3.00017,22143.70508,0.16992,-1.85746,#SPILL!
3.00017,22253.52539,0.1702,-1.69805,#SPILL!
3.00017,22341.55859,0.16983,-1.91059,#SPILL!
3.00017,22451.62695,0.16974,-1.96373,#SPILL!
3.00017,22561.59961,0.17002,-1.80432,#SPILL!
3.00017,22649.75,0.17002,-1.80432,#SPILL!
3.00017,22759.74023,0.17011,-1.75118,#SPILL!
3.00017,22869.79492,0.16992,-1.85746,#SPILL!
3.00017,22979.77344,0.16992,-1.85746,#SPILL!
3.00017,23089.83008,0.16992,-1.85746,#SPILL!
3.00017,23177.72656,0.16992,-1.85746,#SPILL!
3.00017,23287.98047,0.17011,-1.75118,#SPILL!
3.00017,23397.66016,0.16983,-1.91059,#SPILL!
3.00017,23485.91992,0.16983,-1.91059,#SPILL!
3.00017,23595.96094,0.16983,-1.91059,#SPILL!
3.00017,23706.08789,0.16983,-1.91059,#SPILL!
3.00017,23816.07617,0.16983,-1.91059,#SPILL!
3.00017,23926.16406,0.16983,-1.91059,#SPILL!
3.00017,24014.00195,0.16992,-1.85746,#SPILL!
3.00017,24124.02539,0.16983,-1.91059,#SPILL!
3.00017,24212.02734,0.16983,-1.91059,#SPILL!
3.00017,24322.01172,0.16965,-2.01686,#SPILL!
3.00017,24432.11523,0.16983,-1.91059,#SPILL!
3.00017,24542.25977,0.17002,-1.80432,#SPILL!
3.00017,24652.26172,0.16983,-1.91059,#SPILL!
3.00017,24740.31055,0.16983,-1.91059,#SPILL!
3.00017,24850.47266,0.16983,-1.91059,#SPILL!
3.00017,24960.4707,0.16983,-1.91059,#SPILL!
3.00017,25070.67383,0.16983,-1.91059,#SPILL!
3.00017,25158.75,0.16992,-1.85746,#SPILL!
3.00017,25268.72461,0.16974,-1.96373,#SPILL!
3.00017,25378.71484,0.16983,-1.91059,#SPILL!
3.00017,25489.00195,0.16974,-1.96373,#SPILL!
3.00017,25576.83008,0.16974,-1.96373,#SPILL!
3.00017,25686.83203,0.16974,-1.96373,#SPILL!
3.00017,25796.99023,0.16974,-1.96373,#SPILL!
3.00017,25884.88477,0.16992,-1.85746,#SPILL!
3.00017,25994.83594,0.16974,-1.96373,#SPILL!
3.00017,26104.89063,0.16965,-2.01686,#SPILL!
3.00017,26193.05469,0.16974,-1.96373,#SPILL!
3.00017,26325.15234,0.16956,-2.07,#SPILL!
3.00017,26413.03711,0.16983,-1.91059,#SPILL!
3.00017,26523.13672,0.16983,-1.91059,#SPILL!
3.00017,26611.20898,0.16974,-1.96373,#SPILL!
3.00017,26721.15234,0.16974,-1.96373,#SPILL!
3.00017,26831.01172,0.16983,-1.91059,#SPILL!
3.00017,26941.09766,0.16974,-1.96373,#SPILL!
3.00017,27029.3125,0.16956,-2.07,#SPILL!
3.00017,27139.45117,0.16974,-1.96373,#SPILL!
3.00017,27249.38477,0.16974,-1.96373,#SPILL!
3.00017,27359.37695,0.16974,-1.96373,#SPILL!
3.00017,27469.27539,0.16965,-2.01686,#SPILL!
3.00017,27557.30664,0.16965,-2.01686,#SPILL!
3.00017,27667.33984,0.16965,-2.01686,#SPILL!
3.00017,27777.34375,0.16956,-2.07,#SPILL!
3.00017,27887.41016,0.16974,-1.96373,#SPILL!
3.00017,27997.47656,0.16956,-2.07,#SPILL!
3.00017,28085.63477,0.16956,-2.07,#SPILL!
3.00017,28195.56836,0.16965,-2.01686,#SPILL!
3.00017,28305.54688,0.16956,-2.07,#SPILL!
3.00017,28393.63086,0.16946,-2.12314,#SPILL!
3.00017,28503.72461,0.16974,-1.96373,#SPILL!
3.00017,28591.80078,0.16956,-2.07,#SPILL!
3.00017,28723.78516,0.16965,-2.01686,#SPILL!
3.00017,28833.78906,0.16974,-1.96373,#SPILL!
3.00017,28921.83789,0.16965,-2.01686,#SPILL!
3.00017,29031.85352,0.16965,-2.01686,#SPILL!
3.00017,29142.02344,0.16983,-1.91059,#SPILL!
3.00017,29230.03711,0.16956,-2.07,#SPILL!
3.00017,29339.91602,0.16956,-2.07,#SPILL!
3.00017,29427.99023,0.16946,-2.12314,#SPILL!
3.00017,29538.08398,0.16965,-2.01686,#SPILL!
3.00017,29648.00195,0.16965,-2.01686,#SPILL!
3.00017,29758.25586,0.16965,-2.01686,#SPILL!
3.00017,29846.11719,0.16965,-2.01686,#SPILL!
3.00017,29956.24414,0.16946,-2.12314,#SPILL!
3.00017,30066.21484,0.16965,-2.01686,#SPILL!
3.00017,30176.12695,0.16946,-2.12314,#SPILL!
3.00017,30264.1543,0.16956,-2.07,#SPILL!
3.00017,30374.18945,0.16956,-2.07,#SPILL!
3.00017,30484.39258,0.16956,-2.07,#SPILL!
3.00017,30572.47266,0.16956,-2.07,#SPILL!
3.00017,30682.40625,0.16956,-2.07,#SPILL!
3.00017,30770.47266,0.16946,-2.12314,#SPILL!
3.00017,30880.60352,0.16956,-2.07,#SPILL!
3.00017,30990.42969,0.16956,-2.07,#SPILL!
3.00017,31100.55078,0.16946,-2.12314,#SPILL!
3.00017,31188.41797,0.16946,-2.12314,#SPILL!
3.00017,31320.61719,0.16946,-2.12314,#SPILL!
3.00017,31408.41797,0.16946,-2.12314,#SPILL!
3.00017,31518.72656,0.16956,-2.07,#SPILL!
3.00017,31628.71484,0.16937,-2.17627,#SPILL!
3.00017,31738.60547,0.16956,-2.07,#SPILL!
3.00017,31826.60547,0.16956,-2.07,#SPILL!
3.00017,31936.74219,0.16956,-2.07,#SPILL!
3.00017,32047.04492,0.16965,-2.01686,#SPILL!
3.00017,32135.24805,0.16946,-2.12314,#SPILL!
3.00017,32267.26953,0.16965,-2.01686,#SPILL!
3.00017,32377.65625,0.16956,-2.07,#SPILL!
3.00017,32465.50977,0.16946,-2.12314,#SPILL!
3.00017,32575.41211,0.16928,-2.22941,#SPILL!
3.00017,32685.64844,0.16956,-2.07,#SPILL!
3.00017,32773.66797,0.16946,-2.12314,#SPILL!
3.00017,32883.55078,0.16956,-2.07,#SPILL!
3.00017,32993.42969,0.16965,-2.01686,#SPILL!
3.00017,33081.62109,0.16946,-2.12314,#SPILL!
3.00017,33191.625,0.16937,-2.17627,#SPILL!
3.00017,33301.625,0.16956,-2.07,#SPILL!
3.00017,33411.76563,0.16956,-2.07,#SPILL!
3.00017,33499.73828,0.16946,-2.12314,#SPILL!
3.00017,33609.62109,0.16937,-2.17627,#SPILL!
3.00017,33719.86328,0.16956,-2.07,#SPILL!
3.00017,33807.74609,0.16946,-2.12314,#SPILL!
3.00017,33917.80469,0.16937,-2.17627,#SPILL!
3.00017,34027.98438,0.16928,-2.22941,#SPILL!
3.00017,34137.87891,0.16937,-2.17627,#SPILL!
3.00017,34225.92578,0.16928,-2.22941,#SPILL!
3.00017,34336.05469,0.16937,-2.17627,#SPILL!
3.00017,34446,0.16946,-2.12314,#SPILL!
3.00017,34556.17969,0.16956,-2.07,#SPILL!
3.00017,34644.11328,0.16937,-2.17627,#SPILL!
3.00017,34754.04688,0.16937,-2.17627,#SPILL!
3.00017,34864.07813,0.16928,-2.22941,#SPILL!
3.00017,34974.10547,0.16928,-2.22941,#SPILL!
3.00017,35062.14844,0.16946,-2.12314,#SPILL!
3.00017,35150.19141,0.16919,-2.28255,#SPILL!
3.00017,35282.38281,0.16946,-2.12314,#SPILL!
3.00017,35370.31641,0.16937,-2.17627,#SPILL!
3.00017,35480.46094,0.16946,-2.12314,#SPILL!
3.00017,35590.82031,0.16946,-2.12314,#SPILL!
3.00017,35679.03516,0.16937,-2.17627,#SPILL!
3.00017,35788.97266,0.16919,-2.28255,#SPILL!
3.00017,35899.03906,0.16928,-2.22941,#SPILL!
3.00017,36009.11328,0.16937,-2.17627,#SPILL!
3.00017,36097.14063,0.16928,-2.22941,#SPILL!
3.00017,36207.16406,0.16937,-2.17627,#SPILL!
3.00017,36317.17969,0.16946,-2.12314,#SPILL!
3.00017,36427.22266,0.16937,-2.17627,#SPILL!
3.00017,36537.19141,0.16956,-2.07,#SPILL!
3.00017,36625.27734,0.16928,-2.22941,#SPILL!
3.00017,36735.23828,0.16928,-2.22941,#SPILL!
3.00017,36823.30078,0.16937,-2.17627,#SPILL!
3.00017,36933.39453,0.16946,-2.12314,#SPILL!
3.00017,37043.42969,0.16928,-2.22941,#SPILL!
3.00017,37131.45703,0.16937,-2.17627,#SPILL!
3.00017,37263.33594,0.16937,-2.17627,#SPILL!
3.00017,37351.51953,0.16919,-2.28255,#SPILL!
3.00017,37461.50781,0.16928,-2.22941,#SPILL!
3.00017,37571.49609,0.16919,-2.28255,#SPILL!
3.00017,37659.51563,0.16937,-2.17627,#SPILL!
3.00017,37769.64453,0.16946,-2.12314,#SPILL!
3.00017,37857.5625,0.16937,-2.17627,#SPILL!
3.00017,37967.77344,0.16928,-2.22941,#SPILL!
3.00017,38077.74219,0.16937,-2.17627,#SPILL!
3.00017,38187.76563,0.16937,-2.17627,#SPILL!
3.00017,38297.75,0.16937,-2.17627,#SPILL!
3.00017,38385.65234,0.16937,-2.17627,#SPILL!
3.00017,38495.78516,0.16928,-2.22941,#SPILL!
3.00017,38605.79688,0.16928,-2.22941,#SPILL!
3.00017,38693.91016,0.16928,-2.22941,#SPILL!
3.00017,38803.92969,0.16928,-2.22941,#SPILL!
3.00017,38913.83984,0.16928,-2.22941,#SPILL!
3.00017,39023.93359,0.16928,-2.22941,#SPILL!
3.00017,39112.16406,0.16928,-2.22941,#SPILL!
3.00017,39222.03516,0.16919,-2.28255,#SPILL!
3.00017,39310.27344,0.16937,-2.17627,#SPILL!
3.00017,39420.41016,0.16937,-2.17627,#SPILL!
3.00017,39530.41797,0.16937,-2.17627,#SPILL!
3.00017,39640.45703,0.1691,-2.33568,#SPILL!
3.00017,39728.58594,0.16919,-2.28255,#SPILL!
3.00017,39838.52734,0.16946,-2.12314,#SPILL!
3.00017,39948.72266,0.16928,-2.22941,#SPILL!
3.00017,40036.55859,0.16928,-2.22941,#SPILL!
3.00017,40168.60156,0.16937,-2.17627,#SPILL!
3.00017,40278.61328,0.16919,-2.28255,#SPILL!
3.00017,40389.22266,0.16919,-2.28255,#SPILL!
3.00017,40477.58984,0.16937,-2.17627,#SPILL!
3.00017,40587.84375,0.16919,-2.28255,#SPILL!
3.00017,40697.87109,0.16937,-2.17627,#SPILL!
3.00017,40807.98047,0.16919,-2.28255,#SPILL!
3.00017,40917.86328,0.16928,-2.22941,#SPILL!
3.00017,41005.88281,0.16928,-2.22941,#SPILL!
3.00017,41115.98047,0.16928,-2.22941,#SPILL!
3.00017,41225.85938,0.1691,-2.33568,#SPILL!
3.00017,41335.83594,0.16928,-2.22941,#SPILL!
3.00017,41424.04688,0.16946,-2.12314,#SPILL!
3.00017,41534.13281,0.16919,-2.28255,#SPILL!
3.00017,41643.94531,0.16919,-2.28255,#SPILL!
3.00017,41732.09766,0.16928,-2.22941,#SPILL!
3.00017,41842.04297,0.16928,-2.22941,#SPILL!
3.00017,41952.15625,0.16928,-2.22941,#SPILL!
3.00017,42040.1875,0.1691,-2.33568,#SPILL!
3.00017,42150.11328,0.16919,-2.28255,#SPILL!
3.00017,42260.26563,0.16919,-2.28255,#SPILL!
3.00017,42370.58203,0.1691,-2.33568,#SPILL!
3.00017,42480.28906,0.16919,-2.28255,#SPILL!
3.00017,42568.37891,0.16937,-2.17627,#SPILL!
3.00017,42678.48438,0.1691,-2.33568,#SPILL!
3.00017,42788.59766,0.1691,-2.33568,#SPILL!
3.00017,42876.60938,0.169,-2.38882,#SPILL!
3.00017,42986.58984,0.16919,-2.28255,#SPILL!
3.00017,43096.70313,0.16919,-2.28255,#SPILL!
3.00017,43184.76563,0.1691,-2.33568,#SPILL!
3.00017,43294.81641,0.1691,-2.33568,#SPILL!
3.00017,43404.68359,0.16919,-2.28255,#SPILL!
3.00017,43514.99219,0.1691,-2.33568,#SPILL!
3.00017,43602.74219,0.16919,-2.28255,#SPILL!
3.00017,43734.86328,0.16891,-2.44195,#SPILL!
3.00017,43822.85156,0.1691,-2.33568,#SPILL!
3.00017,43933.03516,0.1691,-2.33568,#SPILL!
3.00017,44020.98828,0.16919,-2.28255,#SPILL!
3.00017,44131.02734,0.16919,-2.28255,#SPILL!
3.00017,44240.88672,0.16919,-2.28255,#SPILL!
3.00017,44350.97656,0.16919,-2.28255,#SPILL!
3.00017,44439.21094,0.1691,-2.33568,#SPILL!
3.00017,44549.21484,0.16919,-2.28255,#SPILL!
3.00017,44659.1875,0.1691,-2.33568,#SPILL!
3.00017,44747.19531,0.16919,-2.28255,#SPILL!
3.00017,44857.16797,0.1691,-2.33568,#SPILL!
3.00017,44967.44141,0.1691,-2.33568,#SPILL!
3.00017,45055.40234,0.16891,-2.44195,#SPILL!
3.00017,45165.49609,0.16928,-2.22941,#SPILL!
3.00017,45275.55469,0.1691,-2.33568,#SPILL!
3.00017,45385.4375,0.16919,-2.28255,#SPILL!
3.00017,45495.37109,0.16919,-2.28255,#SPILL!
3.00017,45583.42188,0.1691,-2.33568,#SPILL!
3.00017,45693.22656,0.1691,-2.33568,#SPILL!
3.00017,45802.65234,0.16919,-2.28255,#SPILL!
3.00017,45912.56641,0.169,-2.38882,#SPILL!
3.00017,46000.60938,0.1691,-2.33568,#SPILL!
3.00017,46110.64063,0.16919,-2.28255,#SPILL!
3.00017,46220.91406,0.16891,-2.44195,#SPILL!
3.00017,46309.10938,0.1691,-2.33568,#SPILL!
3.00017,46441.23828,0.1691,-2.33568,#SPILL!
3.00017,46529.21875,0.1691,-2.33568,#SPILL!
3.00017,46639.40234,0.16919,-2.28255,#SPILL!
3.00017,46749.40625,0.16919,-2.28255,#SPILL!
3.00017,46837.49609,0.1691,-2.33568,#SPILL!
3.00017,46947.41016,0.169,-2.38882,#SPILL!
3.00017,47057.53125,0.1691,-2.33568,#SPILL!
3.00017,47167.36719,0.16928,-2.22941,#SPILL!
3.00017,47255.51563,0.169,-2.38882,#SPILL!
3.00017,47365.6875,0.169,-2.38882,#SPILL!
3.00017,47475.58984,0.16919,-2.28255,#SPILL!
3.00017,47563.5,0.169,-2.38882,#SPILL!
3.00017,47673.76172,0.169,-2.38882,#SPILL!
3.00017,47783.67578,0.1691,-2.33568,#SPILL!
3.00017,47871.82422,0.1691,-2.33568,#SPILL!
3.00017,47981.67969,0.169,-2.38882,#SPILL!
3.00017,48091.80469,0.16891,-2.44195,#SPILL!
3.00017,48201.74609,0.16891,-2.44195,#SPILL!
3.00017,48312.01172,0.1691,-2.33568,#SPILL!
3.00017,48399.91016,0.16891,-2.44195,#SPILL!
3.00017,48509.85938,0.1691,-2.33568,#SPILL!
3.00017,48620.16797,0.1691,-2.33568,#SPILL!
3.00017,48708.05859,0.1691,-2.33568,#SPILL!
3.00017,48818.20703,0.169,-2.38882,#SPILL!
3.00017,48928.11328,0.169,-2.38882,#SPILL!
3.00017,49016.17969,0.169,-2.38882,#SPILL!
3.00017,49126.14063,0.16891,-2.44195,#SPILL!
3.00017,49236.13672,0.16919,-2.28255,#SPILL!
3.00017,49346.16797,0.169,-2.38882,#SPILL!
3.00017,49434.25391,0.16919,-2.28255,#SPILL!
3.00017,49544.3125,0.16919,-2.28255,#SPILL!
3.00017,49654.36328,0.16882,-2.49509,#SPILL!
3.00017,49764.58203,0.1691,-2.33568,#SPILL!
3.00017,49852.98047,0.16891,-2.44195,#SPILL!
3.00017,49963.02734,0.169,-2.38882,#SPILL!
3.00017,50073.05469,0.16891,-2.44195,#SPILL!
3.00017,50183.27734,0.16891,-2.44195,#SPILL!
3.00017,50271.17188,0.16891,-2.44195,#SPILL!
3.00017,50381.25,0.169,-2.38882,#SPILL!
3.00017,50491.22656,0.16882,-2.49509,#SPILL!
3.00017,50601.38281,0.169,-2.38882,#SPILL!
3.00017,50689.42188,0.16891,-2.44195,#SPILL!
3.00017,50799.29688,0.16891,-2.44195,#SPILL!
3.00017,50909.36328,0.16891,-2.44195,#SPILL!
3.00017,51019.62109,0.16891,-2.44195,#SPILL!
3.00017,51107.84766,0.16891,-2.44195,#SPILL!
3.00017,51218.14844,0.1691,-2.33568,#SPILL!
3.00017,51328.5,0.16891,-2.44195,#SPILL!
3.00017,51438.60156,0.169,-2.38882,#SPILL!
3.00017,51526.85547,0.169,-2.38882,#SPILL!
3.00017,51636.78516,0.169,-2.38882,#SPILL!
3.00017,51747.25781,0.169,-2.38882,#SPILL!
3.00017,51835.32422,0.169,-2.38882,#SPILL!
3.00017,51945.59375,0.169,-2.38882,#SPILL!
3.00017,52055.73438,0.16891,-2.44195,#SPILL!
3.00017,52144.07422,0.169,-2.38882,#SPILL!
3.00017,52254.23047,0.169,-2.38882,#SPILL!
3.00017,52364.42578,0.16882,-2.49509,#SPILL!
3.00017,52474.53906,0.16919,-2.28255,#SPILL!
3.00017,52584.91016,0.16891,-2.44195,#SPILL!
3.00017,52695.04688,0.16891,-2.44195,#SPILL!
3.00017,52783.18359,0.169,-2.38882,#SPILL!
3.00017,52893.42188,0.1691,-2.33568,#SPILL!
3.00017,53003.75391,0.16891,-2.44195,#SPILL!
3.00017,53113.82031,0.169,-2.38882,#SPILL!
3.00017,53202.10547,0.169,-2.38882,#SPILL!
3.00017,53312.46875,0.16882,-2.49509,#SPILL!
3.00017,53400.69922,0.16891,-2.44195,#SPILL!
3.00017,53511.03906,0.16891,-2.44195,#SPILL!
3.00017,53621.11719,0.16882,-2.49509,#SPILL!
3.00017,53731.39063,0.169,-2.38882,#SPILL!
3.00017,53819.61719,0.16882,-2.49509,#SPILL!
3.00017,53929.69922,0.16873,-2.54823,#SPILL!
3.00017,54040.02734,0.16891,-2.44195,#SPILL!
3.00017,54150.31641,0.16891,-2.44195,#SPILL!
3.00017,54238.36719,0.16891,-2.44195,#SPILL!
3.00017,54348.57422,0.16891,-2.44195,#SPILL!
3.00017,54458.81641,0.16891,-2.44195,#SPILL!
3.00017,54546.91016,0.169,-2.38882,#SPILL!
3.00017,54657.17969,0.16882,-2.49509,#SPILL!
3.00017,54767.59766,0.16882,-2.49509,#SPILL!
3.00017,54877.59375,0.16891,-2.44195,#SPILL!
3.00017,54987.99219,0.16891,-2.44195,#SPILL!
3.00017,55098.20703,0.16891,-2.44195,#SPILL!
3.00017,55186.12109,0.16891,-2.44195,#SPILL!
3.00017,55296.46875,0.16891,-2.44195,#SPILL!
3.00017,55406.57813,0.16891,-2.44195,#SPILL!
3.00017,55494.89844,0.16891,-2.44195,#SPILL!
3.00017,55605.20313,0.169,-2.38882,#SPILL!
3.00017,55693.36328,0.16891,-2.44195,#SPILL!
3.00017,55803.35938,0.16891,-2.44195,#SPILL!
3.00017,55913.59766,0.16882,-2.49509,#SPILL!
3.00017,56023.86328,0.16882,-2.49509,#SPILL!
3.00017,56112,0.16891,-2.44195,#SPILL!
3.00017,56222.41797,0.169,-2.38882,#SPILL!
3.00017,56332.48047,0.16882,-2.49509,#SPILL!
3.00017,56442.78125,0.16882,-2.49509,#SPILL!
3.00017,56530.88281,0.16873,-2.54823,#SPILL!
3.00017,56641.20703,0.16891,-2.44195,#SPILL!
3.00017,56751.38672,0.16891,-2.44195,#SPILL!
3.00017,56861.65234,0.16873,-2.54823,#SPILL!
3.00017,56949.84375,0.16891,-2.44195,#SPILL!
3.00017,57060.26172,0.16873,-2.54823,#SPILL!
3.00017,57170.39062,0.16882,-2.49509,#SPILL!
3.00017,57258.56641,0.16882,-2.49509,#SPILL!
3.00017,57369.05078,0.16882,-2.49509,#SPILL!
3.00017,57479.125,0.16864,-2.60136,#SPILL!
3.00017,57567.37891,0.16891,-2.44195,#SPILL!
3.00017,57677.55078,0.16891,-2.44195,#SPILL!
3.00017,57787.83984,0.16873,-2.54823,#SPILL!
3.00017,57897.92969,0.16891,-2.44195,#SPILL!
3.00017,57986.09375,0.16873,-2.54823,#SPILL!
3.00017,58096.25781,0.16891,-2.44195,#SPILL!
3.00017,58184.48828,0.16891,-2.44195,#SPILL!
3.00017,58294.64453,0.16882,-2.49509,#SPILL!
3.00017,58405.04297,0.1691,-2.33568,#SPILL!
3.00017,58515.3125,0.16882,-2.49509,#SPILL!
3.00017,58625.42188,0.16891,-2.44195,#SPILL!
3.00017,58735.66797,0.16873,-2.54823,#SPILL!
3.00017,58823.92969,0.16891,-2.44195,#SPILL!
3.00017,58934.1875,0.16891,-2.44195,#SPILL!
3.00017,59044.34375,0.16864,-2.60136,#SPILL!
3.00017,59132.57813,0.16873,-2.54823,#SPILL!
3.00017,59242.85938,0.16882,-2.49509,#SPILL!
3.00017,59353.12891,0.16882,-2.49509,#SPILL!
3.00017,59441.28125,0.16882,-2.49509,#SPILL!
3.00017,59551.37109,0.16891,-2.44195,#SPILL!
3.00017,59661.50781,0.16873,-2.54823,#SPILL!
3.00017,59771.99609,0.16864,-2.60136,#SPILL!
3.00017,59860.03125,0.16864,-2.60136,#SPILL!
3.00017,59970.41406,0.16873,-2.54823,#SPILL!
3.00017,60080.52344,0.16891,-2.44195,#SPILL!
3.00017,60190.67578,0.16891,-2.44195,#SPILL!
3.00017,60278.94922,0.16891,-2.44195,#SPILL!
3.00017,60389.21484,0.16864,-2.60136,#SPILL!
3.00017,60499.90625,0.16882,-2.49509,#SPILL!
3.00017,60610.22656,0.16864,-2.60136,#SPILL!
3.00017,60698.41406,0.169,-2.38882,#SPILL!
3.00017,60808.66016,0.16882,-2.49509,#SPILL!
3.00017,60918.86719,0.16873,-2.54823,#SPILL!
3.00017,61007.23438,0.16891,-2.44195,#SPILL!
3.00017,61117.35156,0.16891,-2.44195,#SPILL!
3.00017,61227.62891,0.16882,-2.49509,#SPILL!
3.00017,61337.78125,0.16891,-2.44195,#SPILL!
3.00017,61448.02734,0.16891,-2.44195,#SPILL!
3.00017,61558.21094,0.16882,-2.49509,#SPILL!
3.00017,61646.30469,0.16873,-2.54823,#SPILL!
3.00017,61756.71875,0.16882,-2.49509,#SPILL!
3.00017,61866.83203,0.16882,-2.49509,#SPILL!
3.00017,61955.17188,0.16882,-2.49509,#SPILL!
3.00017,62065.34375,0.16873,-2.54823,#SPILL!
3.00017,62175.55078,0.16873,-2.54823,#SPILL!
3.00017,62285.75,0.16882,-2.49509,#SPILL!
3.00017,62373.89453,0.16864,-2.60136,#SPILL!
3.00017,62484.36328,0.16873,-2.54823,#SPILL!
3.00017,62594.41797,0.16882,-2.49509,#SPILL!
3.00017,62682.60938,0.16882,-2.49509,#SPILL!
3.00017,62792.77734,0.16882,-2.49509,#SPILL!
3.00017,62881.07422,0.16864,-2.60136,#SPILL!
3.00017,62991.39844,0.16873,-2.54823,#SPILL!
3.00017,63101.57813,0.16873,-2.54823,#SPILL!
3.00017,63211.58594,0.16882,-2.49509,#SPILL!
3.00017,63299.94922,0.16873,-2.54823,#SPILL!
3.00017,63410.02734,0.16873,-2.54823,#SPILL!
3.00017,63520.40625,0.16891,-2.44195,#SPILL!
3.00017,63630.58594,0.16864,-2.60136,#SPILL!
3.00017,63718.90625,0.16873,-2.54823,#SPILL!
3.00017,63828.97656,0.16873,-2.54823,#SPILL!
3.00017,63917.27344,0.16882,-2.49509,#SPILL!
3.00017,64049.83594,0.16864,-2.60136,#SPILL!
3.00017,64138.06641,0.16873,-2.54823,#SPILL!
3.00017,64248.25781,0.16864,-2.60136,#SPILL!
3.00017,64336.28125,0.16882,-2.49509,#SPILL!
3.00017,64446.72266,0.16873,-2.54823,#SPILL!
3.00017,64556.98438,0.16891,-2.44195,#SPILL!
3.00017,64667.26953,0.16891,-2.44195,#SPILL!
3.00017,64755.40625,0.16882,-2.49509,#SPILL!
3.00017,64865.74609,0.16882,-2.49509,#SPILL!
3.00017,64975.64844,0.16882,-2.49509,#SPILL!
3.00017,65086.06641,0.16882,-2.49509,#SPILL!
3.00017,65174.25781,0.16891,-2.44195,#SPILL!
3.00017,65284.47656,0.16873,-2.54823,#SPILL!
3.00017,65372.67578,0.16891,-2.44195,#SPILL!
3.00017,65504.98438,0.16873,-2.54823,#SPILL!
3.00017,65593.25,0.16891,-2.44195,#SPILL!
3.00017,65703.49219,0.16891,-2.44195,#SPILL!
3.00017,65813.64063,0.16891,-2.44195,#SPILL!
3.00017,65901.76563,0.16873,-2.54823,#SPILL!
3.00017,66012,0.16873,-2.54823,#SPILL!
3.00017,66122.15625,0.16882,-2.49509,#SPILL!
3.00017,66232.53125,0.16882,-2.49509,#SPILL!
3.00017,66320.69531,0.16882,-2.49509,#SPILL!
3.00017,66430.98438,0.16864,-2.60136,#SPILL!
3.00017,66541.19531,0.16873,-2.54823,#SPILL!
3.00017,66651.38281,0.16873,-2.54823,#SPILL!
3.00017,66739.51563,0.16864,-2.60136,#SPILL!
3.00017,66849.75781,0.16873,-2.54823,#SPILL!
3.00017,66959.99219,0.16854,-2.6545,#SPILL!
3.00017,67048.15625,0.16873,-2.54823,#SPILL!
3.00017,67158.42969,0.16882,-2.49509,#SPILL!
3.00017,67268.6875,0.16864,-2.60136,#SPILL!
3.00017,67378.96094,0.16882,-2.49509,#SPILL!
3.00017,67467.19531,0.16873,-2.54823,#SPILL!
3.00017,67577.53125,0.16882,-2.49509,#SPILL!
3.00017,67687.84375,0.16882,-2.49509,#SPILL!
3.00017,67776.14844,0.16873,-2.54823,#SPILL!
3.00017,67886.17969,0.16882,-2.49509,#SPILL!
3.00017,67996.57031,0.16873,-2.54823,#SPILL!
3.00017,68084.72656,0.16882,-2.49509,#SPILL!
3.00017,68194.88281,0.16873,-2.54823,#SPILL!
3.00017,68305.24219,0.16864,-2.60136,#SPILL!
3.00017,68415.46094,0.16864,-2.60136,#SPILL!
3.00017,68525.8125,0.16873,-2.54823,#SPILL!
3.00017,68613.85156,0.16873,-2.54823,#SPILL!
3.00017,68724.02344,0.16864,-2.60136,#SPILL!
3.00017,68812.17188,0.16864,-2.60136,#SPILL!
3.00017,68922.49219,0.16873,-2.54823,#SPILL!
3.00017,69032.82813,0.16864,-2.60136,#SPILL!
3.00017,69142.94531,0.16873,-2.54823,#SPILL!
3.00017,69231.17969,0.16864,-2.60136,#SPILL!
3.00017,69341.39844,0.16873,-2.54823,#SPILL!
3.00017,69451.51563,0.16873,-2.54823,#SPILL!
3.00017,69539.82031,0.16873,-2.54823,#SPILL!
3.00017,69649.89063,0.16864,-2.60136,#SPILL!
3.00017,69760.33594,0.16864,-2.60136,#SPILL!
3.00017,69870.52344,0.16882,-2.49509,#SPILL!
3.00017,69958.82813,0.16873,-2.54823,#SPILL!
3.00017,70068.78125,0.16864,-2.60136,#SPILL!
3.00017,70179.15625,0.16864,-2.60136,#SPILL!
3.00017,70289.20313,0.16854,-2.6545,#SPILL!
3.00017,70377.60938,0.16836,-2.76077,#SPILL!
3.00017,70487.77344,0.16864,-2.60136,#SPILL!
3.00017,70576,0.16873,-2.54823,#SPILL!
3.00017,70686.14844,0.16864,-2.60136,#SPILL!
3.00017,70796.5,0.16882,-2.49509,#SPILL!
3.00017,70906.71094,0.16864,-2.60136,#SPILL!
3.00017,70994.8125,0.16845,-2.70764,#SPILL!
3.00017,71104.96094,0.16882,-2.49509,#SPILL!
3.00017,71215.38281,0.16854,-2.6545,#SPILL!
3.00017,71325.76563,0.16864,-2.60136,#SPILL!
3.00017,71414.00781,0.16864,-2.60136,#SPILL!
3.00017,71524.26563,0.16864,-2.60136,#SPILL!
3.00017,71634.40625,0.16864,-2.60136,#SPILL!
3.00017,71744.6875,0.16864,-2.60136,#SPILL!
3.00017,71832.84375,0.16864,-2.60136,#SPILL!
3.00017,71943.10938,0.16864,-2.60136,#SPILL!
3.00017,72053.40625,0.16882,-2.49509,#SPILL!
3.00017,72141.5625,0.16864,-2.60136,#SPILL!
3.00017,72251.71875,0.16854,-2.6545,#SPILL!
3.00017,72361.89844,0.16864,-2.60136,#SPILL!
3.00017,72472.0625,0.16854,-2.6545,#SPILL!
3.00017,72560.32031,0.16864,-2.60136,#SPILL!
3.00017,72692.67969,0.16873,-2.54823,#SPILL!
3.00017,72803.01563,0.16873,-2.54823,#SPILL!
3.00017,72891.32813,0.16864,-2.60136,#SPILL!
3.00017,73001.46094,0.16854,-2.6545,#SPILL!
3.00017,73111.5625,0.16873,-2.54823,#SPILL!
3.00017,73199.86719,0.16864,-2.60136,#SPILL!
3.00017,73310.17969,0.16864,-2.60136,#SPILL!
3.00017,73420.13281,0.16836,-2.76077,#SPILL!
3.00017,73508.65625,0.16854,-2.6545,#SPILL!
3.00017,73618.8125,0.16854,-2.6545,#SPILL!
3.00017,73729.16406,0.16854,-2.6545,#SPILL!
3.00017,73817.16406,0.16882,-2.49509,#SPILL!
3.00017,73927.29688,0.16882,-2.49509,#SPILL!
3.00017,74037.39063,0.16854,-2.6545,#SPILL!
3.00017,74147.75781,0.16864,-2.60136,#SPILL!
3.00017,74258.02344,0.16864,-2.60136,#SPILL!
3.00017,74368.26563,0.16864,-2.60136,#SPILL!
3.00017,74456.48438,0.16864,-2.60136,#SPILL!
3.00017,74544.63281,0.16854,-2.6545,#SPILL!
3.00017,74655.03125,0.16864,-2.60136,#SPILL!
3.00017,74765.55469,0.16864,-2.60136,#SPILL!
3.00017,74875.83594,0.16854,-2.6545,#SPILL!
3.00017,74986.11719,0.16864,-2.60136,#SPILL!
3.00017,75074.41406,0.16864,-2.60136,#SPILL!
3.00017,75184.66406,0.16864,-2.60136,#SPILL!
3.00017,75294.95313,0.16854,-2.6545,#SPILL!
3.00017,75382.97656,0.16873,-2.54823,#SPILL!
3.00017,75493.32031,0.16864,-2.60136,#SPILL!
3.00017,75603.42188,0.16854,-2.6545,#SPILL!
3.00017,75713.71875,0.16873,-2.54823,#SPILL!
3.00017,75823.84375,0.16845,-2.70764,#SPILL!
3.00017,75912,0.16854,-2.6545,#SPILL!
3.00017,76022.32031,0.16854,-2.6545,#SPILL!
3.00017,76110.5625,0.16873,-2.54823,#SPILL!
3.00017,76242.72656,0.16864,-2.60136,#SPILL!
3.00017,76330.96094,0.16873,-2.54823,#SPILL!
3.00017,76441.46875,0.16864,-2.60136,#SPILL!
3.00017,76551.51563,0.16873,-2.54823,#SPILL!
3.00017,76639.89063,0.16836,-2.76077,#SPILL!
3.00017,76750.0625,0.16864,-2.60136,#SPILL!
3.00017,76860.20313,0.16854,-2.6545,#SPILL!
3.00017,76948.38281,0.16864,-2.60136,#SPILL!
3.00017,77058.90625,0.16854,-2.6545,#SPILL!
3.00017,77168.89844,0.16854,-2.6545,#SPILL!
3.00017,77279.14063,0.16864,-2.60136,#SPILL!
3.00017,77367.32813,0.16864,-2.60136,#SPILL!
3.00017,77477.49219,0.16864,-2.60136,#SPILL!
3.00017,77587.75,0.16854,-2.6545,#SPILL!
3.00017,77697.97656,0.16864,-2.60136,#SPILL!
3.00017,77786.24219,0.16854,-2.6545,#SPILL!
3.00017,77896.45313,0.16864,-2.60136,#SPILL!
3.00017,78006.66406,0.16854,-2.6545,#SPILL!
3.00017,78116.89063,0.16864,-2.60136,#SPILL!
3.00017,78227.28906,0.16864,-2.60136,#SPILL!
3.00017,78315.83594,0.16864,-2.60136,#SPILL!
3.00017,78426.24219,0.16854,-2.6545,#SPILL!
3.00017,78514.32031,0.16854,-2.6545,#SPILL!
3.00017,78646.60156,0.16854,-2.6545,#SPILL!
3.00017,78735.03125,0.16836,-2.76077,#SPILL!
3.00017,78845.03906,0.16854,-2.6545,#SPILL!
3.00017,78933.34375,0.16854,-2.6545,#SPILL!
3.00017,79043.64844,0.16873,-2.54823,#SPILL!
3.00017,79153.78906,0.16845,-2.70764,#SPILL!
3.00017,79263.97656,0.16854,-2.6545,#SPILL!
3.00017,79352.19531,0.16845,-2.70764,#SPILL!
3.00017,79462.35938,0.16864,-2.60136,#SPILL!
3.00017,79572.60156,0.16873,-2.54823,#SPILL!
3.00017,79682.96875,0.16845,-2.70764,#SPILL!
3.00017,79771.17188,0.16854,-2.6545,#SPILL!
3.00017,79881.32813,0.16873,-2.54823,#SPILL!
3.00017,79991.63281,0.16854,-2.6545,#SPILL!
3.00017,80101.70313,0.16864,-2.60136,#SPILL!
3.00017,80189.98438,0.16845,-2.70764,#SPILL!
3.00017,80300.13281,0.16864,-2.60136,#SPILL!
3.00017,80410.44531,0.16864,-2.60136,#SPILL!
3.00017,80498.67188,0.16854,-2.6545,#SPILL!
3.00017,80609.00781,0.16854,-2.6545,#SPILL!
3.00017,80719.19531,0.16854,-2.6545,#SPILL!
3.00017,80829.52344,0.16864,-2.60136,#SPILL!
3.00017,80917.55469,0.16864,-2.60136,#SPILL!
3.00017,81027.78906,0.16854,-2.6545,#SPILL!
3.00017,81138.00781,0.16854,-2.6545,#SPILL!
3.00017,81226.16406,0.16854,-2.6545,#SPILL!
3.00017,81336.33594,0.16854,-2.6545,#SPILL!
3.00017,81468.78906,0.16854,-2.6545,#SPILL!
3.00017,81556.88281,0.16854,-2.6545,#SPILL!
3.00017,81667.21875,0.16864,-2.60136,#SPILL!
3.00017,81777.5625,0.16836,-2.76077,#SPILL!
3.00017,81887.85156,0.16836,-2.76077,#SPILL!
3.00017,81976.17188,0.16854,-2.6545,#SPILL!
3.00017,82086.375,0.16864,-2.60136,#SPILL!
3.00017,82196.57813,0.16845,-2.70764,#SPILL!
3.00017,82284.90625,0.16864,-2.60136,#SPILL!
3.00017,82395.02344,0.16845,-2.70764,#SPILL!
3.00017,82483.35938,0.16854,-2.6545,#SPILL!
3.00017,82615.61719,0.16854,-2.6545,#SPILL!
3.00017,82703.64844,0.16854,-2.6545,#SPILL!
3.00017,82814.01562,0.16873,-2.54823,#SPILL!
3.00017,82924.19531,0.16845,-2.70764,#SPILL!
3.00017,83012.40625,0.16854,-2.6545,#SPILL!
3.00017,83122.53125,0.16845,-2.70764,#SPILL!
3.00017,83233.01563,0.16854,-2.6545,#SPILL!
3.00017,83321.08594,0.16845,-2.70764,#SPILL!
3.00017,83431.36719,0.16854,-2.6545,#SPILL!
3.00017,83541.53125,0.16836,-2.76077,#SPILL!
3.00017,83651.70313,0.16864,-2.60136,#SPILL!
3.00017,83762.09375,0.16864,-2.60136,#SPILL!
3.00017,83850.04688,0.16845,-2.70764,#SPILL!
3.00017,83960.20312,0.16873,-2.54823,#SPILL!
3.00017,84070.65625,0.16845,-2.70764,#SPILL!
3.00017,84180.97656,0.16854,-2.6545,#SPILL!
3.00017,84269.17188,0.16854,-2.6545,#SPILL!
3.00017,84379.35938,0.16854,-2.6545,#SPILL!
3.00017,84489.3125,0.16854,-2.6545,#SPILL!
3.00017,84599.76563,0.16854,-2.6545,#SPILL!
3.00017,84687.79688,0.16873,-2.54823,#SPILL!
3.00017,84798.09375,0.16854,-2.6545,#SPILL!
3.00017,84908.45313,0.16836,-2.76077,#SPILL!
3.00017,84996.625,0.16845,-2.70764,#SPILL!
3.00017,85106.92969,0.16873,-2.54823,#SPILL!
3.00017,85217,0.16854,-2.6545,#SPILL!
3.00017,85305.13281,0.16864,-2.60136,#SPILL!
3.00017,85415.53125,0.16854,-2.6545,#SPILL!
3.00017,85525.92188,0.16854,-2.6545,#SPILL!
3.00017,85636.15625,0.16854,-2.6545,#SPILL!
3.00017,85724.33594,0.16864,-2.60136,#SPILL!
3.00017,85834.63281,0.16854,-2.6545,#SPILL!
3.00017,85944.92188,0.16827,-2.81391,#SPILL!
3.00017,86055.08594,0.16864,-2.60136,#SPILL!
3.00017,86143.24219,0.16864,-2.60136,#SPILL!
3.00017,86253.33594,0.16864,-2.60136,#SPILL!
3.00017,86406.1875,0.16854,-2.6545,#SPILL!
3.00017,86406.47656,0.16854,-2.6545,#SPILL!
3.00017,86426.63281,0.16864,-2.60136,#SPILL!
3.00017,86482.23438,0.16864,-2.60136,#SPILL!
3.00017,86526.32031,0.16854,-2.6545,#SPILL!
3.00017,86581.54688,0.16864,-2.60136,#SPILL!
3.00017,86636.49219,0.16873,-2.54823,#SPILL!
3.00017,86691.5,0.16854,-2.6545,#SPILL!
3.00017,86735.54688,0.16864,-2.60136,#SPILL!
3.00017,86790.64844,0.16836,-2.76077,#SPILL!
3.00017,86845.86719,0.16854,-2.6545,#SPILL!
3.00017,86900.85937,0.16873,-2.54823,#SPILL!
3.00017,86944.78906,0.16827,-2.81391,#SPILL!
3.00017,86999.94531,0.16864,-2.60136,#SPILL!
3.00017,87054.96875,0.16854,-2.6545,#SPILL!
3.00017,87099.03125,0.16836,-2.76077,#SPILL!
3.00017,87154.15625,0.16854,-2.6545,#SPILL!
3.00017,87209,0.16845,-2.70764,#SPILL!
3.00017,87264.09375,0.16864,-2.60136,#SPILL!
3.00017,87319.16406,0.16845,-2.70764,#SPILL!
3.00017,87363.27344,0.16836,-2.76077,#SPILL!
3.00017,87418.24219,0.16854,-2.6545,#SPILL!
3.00017,87473.25781,0.16836,-2.76077,#SPILL!
3.00017,87528.4375,0.16854,-2.6545,#SPILL!
3.00017,87583.44531,0.16854,-2.6545,#SPILL!
3.00017,87627.375,0.16854,-2.6545,#SPILL!
3.00017,87682.51563,0.16845,-2.70764,#SPILL!
3.00017,87737.55469,0.16864,-2.60136,#SPILL!
3.00017,87781.65625,0.16836,-2.76077,#SPILL!
3.00017,87836.53125,0.16854,-2.6545,#SPILL!
3.00017,87891.65625,0.16854,-2.6545,#SPILL!
3.00017,87935.73437,0.16845,-2.70764,#SPILL!
3.00017,87990.78125,0.16836,-2.76077,#SPILL!
3.00017,88045.88281,0.16864,-2.60136,#SPILL!
3.00017,88100.58594,0.16854,-2.6545,#SPILL!
3.00017,88155.72656,0.16854,-2.6545,#SPILL!
3.00017,88199.83594,0.16854,-2.6545,#SPILL!
3.00017,88254.85938,0.16864,-2.60136,#SPILL!
3.00017,88309.82813,0.16836,-2.76077,#SPILL!
3.00017,88364.85938,0.16845,-2.70764,#SPILL!
3.00017,88420.04688,0.16854,-2.6545,#SPILL!
3.00017,88464.10938,0.16836,-2.76077,#SPILL!
3.00017,88519.02344,0.16854,-2.6545,#SPILL!
3.00017,88574.125,0.16845,-2.70764,#SPILL!
3.00017,88618.24219,0.16854,-2.6545,#SPILL!
3.00017,88673.30469,0.16845,-2.70764,#SPILL!
3.00017,88728.23438,0.16854,-2.6545,#SPILL!
3.00017,88783.28125,0.16854,-2.6545,#SPILL!
3.00017,88827.29688,0.16836,-2.76077,#SPILL!
3.00017,88882.50781,0.16845,-2.70764,#SPILL!
3.00017,88926.625,0.16845,-2.70764,#SPILL!
3.00017,88992.99219,0.16845,-2.70764,#SPILL!
3.00017,89037.07813,0.16854,-2.6545,#SPILL!
3.00017,89092.11719,0.16864,-2.60136,#SPILL!
3.00017,89147.23438,0.16845,-2.70764,#SPILL!
3.00017,89202.09375,0.16854,-2.6545,#SPILL!
3.00017,89246.14844,0.16845,-2.70764,#SPILL!
3.00017,89301.35156,0.16836,-2.76077,#SPILL!
3.00017,89356.29688,0.16836,-2.76077,#SPILL!
3.00017,89400.32031,0.16836,-2.76077,#SPILL!
3.00017,89455.34375,0.16864,-2.60136,#SPILL!
3.00017,89510.35938,0.16854,-2.6545,#SPILL!
3.00017,89565.52344,0.16836,-2.76077,#SPILL!
3.00017,89609.35938,0.16845,-2.70764,#SPILL!
3.00017,89664.4375,0.16854,-2.6545,#SPILL!
3.00017,89708.77344,0.16854,-2.6545,#SPILL!
3.00017,89763.66406,0.16854,-2.6545,#SPILL!
3.00017,89818.78906,0.16864,-2.60136,#SPILL!
3.00017,89873.60156,0.16854,-2.6545,#SPILL!
3.00017,89917.70313,0.16864,-2.60136,#SPILL!
3.00017,89972.875,0.16845,-2.70764,#SPILL!
3.00017,89998.5,0.16864,-2.60136,#SPILL!
